upper_body_mu-f3g1a_p1r1,p1,35098,36275,mu_hand_right
upper_body_mu-f3g1a_p1r1,p1,64531,65172,mu_hand_right
upper_body_mu-f3g1a_p1r1,p1,192531,193791,mu_hand_right
upper_body_mu-f3g1a_p1r1,p1,199511,201633,mu_hand_right
upper_body_mu-f3g1a_p1r1,p1,323207,325050,mu_torso_lat
upper_body_function-f3g1a_p1r1,p1,35098,36275,self_focused_ub
upper_body_function-f3g1a_p1r1,p1,64531,65172,self_focused_ub
upper_body_function-f3g1a_p1r1,p1,192531,193791,self_focused_ub
upper_body_function-f3g1a_p1r1,p1,199511,201633,self_focused_ub
upper_body_function-f3g1a_p1r1,p1,323207,325050,self_focused_ub
head_face_mu-f3g1a_p1r1,p1,17836,20038,mu_head
head_face_mu-f3g1a_p1r1,p1,33848,38110,mu_head
head_face_mu-f3g1a_p1r1,p1,96633,99718,mu_head
head_face_mu-f3g1a_p1r1,p1,179791,182734,mu_eyes_brows
head_face_mu-f3g1a_p1r1,p1,183615,199710,mu_eyes_brows_head
head_face_mu-f3g1a_p1r1,p1,216274,218993,mu_eyes_brows
head_face_mu-f3g1a_p1r1,p1,228988,231210,mu_eyes_brows
head_face_mu-f3g1a_p1r1,p1,245501,248089,mu_eyes_brows
head_face_mu-f3g1a_p1r1,p1,250711,258285,mu_eyes_brows
head_face_mu-f3g1a_p1r1,p1,321931,322772,mu_eyes_brows
head_face_mu-f3g1a_p1r1,p1,322875,324350,mu_head
head_face_mu-f3g1a_p1r1,p1,331051,332238,mu_eyes_brows
head_face_mu-f3g1a_p1r1,p1,332238,333664,mu_eyes_brows
head_face_mu-f3g1a_p1r1,p1,334290,336015,mu_head
head_face_function-f3g1a_p1r1,p1,17836,20038,context_focused_hf
head_face_function-f3g1a_p1r1,p1,33848,38110,context_focused_hf
head_face_function-f3g1a_p1r1,p1,96633,99718,context_focused_hf
head_face_function-f3g1a_p1r1,p1,179791,182734,self_focused_hf
head_face_function-f3g1a_p1r1,p1,183615,199710,self_focused_hf
head_face_function-f3g1a_p1r1,p1,216274,218993,self_focused_hf
head_face_function-f3g1a_p1r1,p1,228988,231210,self_focused_hf
head_face_function-f3g1a_p1r1,p1,245501,248089,self_focused_hf
head_face_function-f3g1a_p1r1,p1,250711,258285,self_focused_hf
head_face_function-f3g1a_p1r1,p1,321931,322772,self_focused_hf
head_face_function-f3g1a_p1r1,p1,322875,324350,self_focused_hf
head_face_function-f3g1a_p1r1,p1,331051,332238,self_focused_hf
head_face_function-f3g1a_p1r1,p1,332238,333664,self_focused_hf
head_face_function-f3g1a_p1r1,p1,334290,336015,self_focused_hf
location-f3g1a_p1r1,p1,0,360000,sit_full
gaze_points-f3g1a_p1r1,p1,0,1005,gaze_to_gameT
gaze_points-f3g1a_p1r1,p1,1005,1869,gaze_to_p5
gaze_points-f3g1a_p1r1,p1,1869,2895,gaze_to_gameT
gaze_points-f3g1a_p1r1,p1,2895,3469,gaze_to_gameT
gaze_points-f3g1a_p1r1,p1,3469,3774,gaze_to_p5
gaze_points-f3g1a_p1r1,p1,3774,9562,gaze_free_fixation
gaze_points-f3g1a_p1r1,p1,9562,12737,gaze_to_gameT
gaze_points-f3g1a_p1r1,p1,12737,13909,gaze_down
gaze_points-f3g1a_p1r1,p1,13909,17771,gaze_to_gameT
gaze_points-f3g1a_p1r1,p1,17771,33239,gaze_to_object_other
gaze_points-f3g1a_p1r1,p1,33239,33368,gaze_to_camera
gaze_points-f3g1a_p1r1,p1,33368,33928,gaze_up
gaze_points-f3g1a_p1r1,p1,33928,46140,gaze_to_gameT
gaze_points-f3g1a_p1r1,p1,46140,50216,gaze_down
gaze_points-f3g1a_p1r1,p1,50216,75811,gaze_to_gameT
gaze_points-f3g1a_p1r1,p1,75811,76952,gaze_free_fixation
gaze_points-f3g1a_p1r1,p1,76952,96646,gaze_to_gameT
gaze_points-f3g1a_p1r1,p1,96646,98670,gaze_to_objT
gaze_points-f3g1a_p1r1,p1,98670,100567,gaze_to_gameT
gaze_points-f3g1a_p1r1,p1,100567,101756,gaze_to_p6
gaze_points-f3g1a_p1r1,p1,101756,102491,gaze_to_gameT
gaze_points-f3g1a_p1r1,p1,102491,103197,gaze_to_p5
gaze_points-f3g1a_p1r1,p1,103197,107130,gaze_to_gameT
gaze_points-f3g1a_p1r1,p1,107130,108266,gaze_to_p6
gaze_points-f3g1a_p1r1,p1,108266,109967,gaze_to_gameT
gaze_points-f3g1a_p1r1,p1,109967,111071,gaze_to_p5
gaze_points-f3g1a_p1r1,p1,111071,113239,gaze_to_gameT
gaze_points-f3g1a_p1r1,p1,113239,114938,gaze_to_p6
gaze_points-f3g1a_p1r1,p1,114938,157576,gaze_to_gameT
gaze_points-f3g1a_p1r1,p1,157576,158713,gaze_to_p4
gaze_points-f3g1a_p1r1,p1,158713,170090,gaze_to_gameT
gaze_points-f3g1a_p1r1,p1,170090,183895,gaze_to_gameT
gaze_points-f3g1a_p1r1,p1,183895,198755,gaze_down
gaze_points-f3g1a_p1r1,p1,198755,270944,gaze_to_gameT
gaze_points-f3g1a_p1r1,p1,270944,350274,gaze_to_p5
gaze_points-f3g1a_p1r1,p1,350274,352116,gaze_to_p2
gaze_points-f3g1a_p1r1,p1,352116,360010,gaze_to_gameT
head_face_function-f3g1a_p2r1,p2,10252,11679,self_focused_hf
head_face_function-f3g1a_p2r1,p2,16754,17772,self_focused_hf
head_face_function-f3g1a_p2r1,p2,18055,18697,context_focused_hf
head_face_function-f3g1a_p2r1,p2,19031,19382,context_focused_hf
head_face_function-f3g1a_p2r1,p2,23077,23979,context_focused_hf
head_face_function-f3g1a_p2r1,p2,26810,28110,context_focused_hf
head_face_function-f3g1a_p2r1,p2,37491,38388,self_focused_hf
head_face_function-f3g1a_p2r1,p2,40635,41913,self_focused_hf
head_face_function-f3g1a_p2r1,p2,51949,53591,self_focused_hf
head_face_function-f3g1a_p2r1,p2,59806,60630,context_focused_hf
head_face_function-f3g1a_p2r1,p2,61110,62074,context_focused_hf
head_face_function-f3g1a_p2r1,p2,62074,62811,context_focused_hf
head_face_function-f3g1a_p2r1,p2,68527,69087,self_focused_hf
head_face_function-f3g1a_p2r1,p2,71894,72398,self_focused_hf
head_face_function-f3g1a_p2r1,p2,74730,78427,context_focused_hf
head_face_function-f3g1a_p2r1,p2,81990,82749,context_focused_hf
head_face_function-f3g1a_p2r1,p2,92149,92831,self_focused_hf
head_face_function-f3g1a_p2r1,p2,96216,97475,self_focused_hf
head_face_function-f3g1a_p2r1,p2,102971,103391,self_focused_hf
head_face_function-f3g1a_p2r1,p2,113167,114110,context_focused_hf
head_face_function-f3g1a_p2r1,p2,119147,119578,context_focused_hf
head_face_function-f3g1a_p2r1,p2,120010,120775,context_focused_hf
head_face_function-f3g1a_p2r1,p2,121235,122458,context_focused_hf
head_face_function-f3g1a_p2r1,p2,150391,152427,self_focused_hf
head_face_function-f3g1a_p2r1,p2,181474,182376,self_focused_hf
head_face_function-f3g1a_p2r1,p2,182708,184249,self_focused_hf
head_face_function-f3g1a_p2r1,p2,186775,187771,context_focused_hf
head_face_function-f3g1a_p2r1,p2,190136,190694,context_focused_hf
head_face_function-f3g1a_p2r1,p2,191708,192126,self_focused_hf
head_face_function-f3g1a_p2r1,p2,192590,193010,self_focused_hf
head_face_function-f3g1a_p2r1,p2,193200,193427,self_focused_hf
head_face_function-f3g1a_p2r1,p2,195669,196081,self_focused_hf
head_face_function-f3g1a_p2r1,p2,198471,199281,self_focused_hf
head_face_function-f3g1a_p2r1,p2,205564,206667,self_focused_hf
head_face_function-f3g1a_p2r1,p2,208540,209515,self_focused_hf
head_face_function-f3g1a_p2r1,p2,217027,217911,self_focused_hf
head_face_function-f3g1a_p2r1,p2,235651,236427,self_focused_hf
head_face_function-f3g1a_p2r1,p2,244848,245337,self_focused_hf
head_face_function-f3g1a_p2r1,p2,246767,247217,self_focused_hf
head_face_function-f3g1a_p2r1,p2,281377,282531,self_focused_hf
head_face_function-f3g1a_p2r1,p2,302130,303471,self_focused_hf
lower_body_function-f3g1a_p2r1,p2,11878,14980,self-focused_lb
lower_body_function-f3g1a_p2r1,p2,17333,19058,self-focused_lb
lower_body_function-f3g1a_p2r1,p2,19691,21032,self-focused_lb
lower_body_function-f3g1a_p2r1,p2,55049,61716,self-focused_lb
lower_body_function-f3g1a_p2r1,p2,65136,65549,self-focused_lb
lower_body_function-f3g1a_p2r1,p2,68960,70472,self-focused_lb
lower_body_function-f3g1a_p2r1,p2,93293,101790,self-focused_lb
lower_body_function-f3g1a_p2r1,p2,120611,122591,self-focused_lb
lower_body_function-f3g1a_p2r1,p2,182388,183791,self-focused_lb
lower_body_function-f3g1a_p2r1,p2,193109,194072,self-focused_lb
lower_body_function-f3g1a_p2r1,p2,194506,197375,self-focused_lb
lower_body_function-f3g1a_p2r1,p2,198715,203188,self-focused_lb
lower_body_function-f3g1a_p2r1,p2,206176,212333,self-focused_lb
lower_body_function-f3g1a_p2r1,p2,214448,218283,self-focused_lb
lower_body_function-f3g1a_p2r1,p2,240698,241451,self-focused_lb
lower_body_function-f3g1a_p2r1,p2,257307,258824,self-focused_lb
lower_body_function-f3g1a_p2r1,p2,259178,265552,self-focused_lb
lower_body_function-f3g1a_p2r1,p2,281648,282911,self-focused_lb
lower_body_function-f3g1a_p2r1,p2,298271,302213,self-focused_lb
location-f3g1a_p2r1,p2,0,54584,sit_full
location-f3g1a_p2r1,p2,54584,61912,settling
location-f3g1a_p2r1,p2,61912,93291,sit_full
location-f3g1a_p2r1,p2,93291,101797,settling
location-f3g1a_p2r1,p2,101797,214652,sit_full
location-f3g1a_p2r1,p2,214652,218659,settling
location-f3g1a_p2r1,p2,218659,308777,sit_full
location-f3g1a_p2r1,p2,308777,313629,goTo_prep
location-f3g1a_p2r1,p2,313629,318381,goTo_object
location-f3g1a_p2r1,p2,318381,343466,stand_at_objT
location-f3g1a_p2r1,p2,343466,357545,goTo_gameT
location-f3g1a_p2r1,p2,357545,360012,stand_at_gameT
head_face_mu-f3g1a_p2r1,p2,10252,11679,mu_eyes_brows
head_face_mu-f3g1a_p2r1,p2,16754,17772,mu_head
head_face_mu-f3g1a_p2r1,p2,18055,18697,mu_head
head_face_mu-f3g1a_p2r1,p2,19031,19382,mu_head
head_face_mu-f3g1a_p2r1,p2,23077,23979,mu_head
head_face_mu-f3g1a_p2r1,p2,26810,28110,mu_head
head_face_mu-f3g1a_p2r1,p2,37491,38388,mu_head
head_face_mu-f3g1a_p2r1,p2,40635,41913,mu_head
head_face_mu-f3g1a_p2r1,p2,51949,53591,mu_head
head_face_mu-f3g1a_p2r1,p2,59806,60630,mu_head
head_face_mu-f3g1a_p2r1,p2,61110,62074,mu_eyes_brows_head
head_face_mu-f3g1a_p2r1,p2,62074,62811,mu_head
head_face_mu-f3g1a_p2r1,p2,68527,69087,mu_head
head_face_mu-f3g1a_p2r1,p2,71894,72398,mu_head
head_face_mu-f3g1a_p2r1,p2,74730,78427,mu_head
head_face_mu-f3g1a_p2r1,p2,81990,82749,mu_head
head_face_mu-f3g1a_p2r1,p2,92149,92831,mu_head
head_face_mu-f3g1a_p2r1,p2,96216,97475,mu_head
head_face_mu-f3g1a_p2r1,p2,102971,103391,mu_head
head_face_mu-f3g1a_p2r1,p2,113167,114110,mu_head
head_face_mu-f3g1a_p2r1,p2,119147,119578,mu_head
head_face_mu-f3g1a_p2r1,p2,120010,120775,mu_head
head_face_mu-f3g1a_p2r1,p2,121235,122458,mu_head
head_face_mu-f3g1a_p2r1,p2,150391,152427,mu_head
head_face_mu-f3g1a_p2r1,p2,181474,182376,mu_head
head_face_mu-f3g1a_p2r1,p2,182708,184249,mu_head
head_face_mu-f3g1a_p2r1,p2,186775,187771,mu_head
head_face_mu-f3g1a_p2r1,p2,190136,190694,mu_head
head_face_mu-f3g1a_p2r1,p2,191708,192126,mu_head
head_face_mu-f3g1a_p2r1,p2,192590,193010,mu_head
head_face_mu-f3g1a_p2r1,p2,193200,193427,mu_head
head_face_mu-f3g1a_p2r1,p2,195669,196081,mu_head
head_face_mu-f3g1a_p2r1,p2,198471,199281,mu_head
head_face_mu-f3g1a_p2r1,p2,205564,206667,mu_head
head_face_mu-f3g1a_p2r1,p2,208540,209515,mu_head
head_face_mu-f3g1a_p2r1,p2,217027,217911,mu_head
head_face_mu-f3g1a_p2r1,p2,235651,236427,mu_head
head_face_mu-f3g1a_p2r1,p2,244848,245337,mu_head
head_face_mu-f3g1a_p2r1,p2,246767,247217,mu_head
head_face_mu-f3g1a_p2r1,p2,281377,282531,mu_head
head_face_mu-f3g1a_p2r1,p2,302130,303471,mu_head
lower_body_mu-f3g1a_p2r1,p2,11878,14980,mu_feet_both
lower_body_mu-f3g1a_p2r1,p2,17333,19058,mu_foot_left
lower_body_mu-f3g1a_p2r1,p2,19691,21032,mu_foot_right
lower_body_mu-f3g1a_p2r1,p2,55049,61716,mu_lb_all
lower_body_mu-f3g1a_p2r1,p2,65136,65549,mu_foot_right
lower_body_mu-f3g1a_p2r1,p2,68960,70472,mu_feet_both
lower_body_mu-f3g1a_p2r1,p2,93293,101790,mu_lb_all
lower_body_mu-f3g1a_p2r1,p2,120611,122591,mu_legs_both
lower_body_mu-f3g1a_p2r1,p2,182388,183791,mu_feet_both
lower_body_mu-f3g1a_p2r1,p2,193109,194072,mu_feet_both
lower_body_mu-f3g1a_p2r1,p2,194506,197375,mu_legs_both
lower_body_mu-f3g1a_p2r1,p2,198715,203188,mu_feet_both
lower_body_mu-f3g1a_p2r1,p2,206176,212333,mu_feet_both
lower_body_mu-f3g1a_p2r1,p2,214448,218283,mu_lb_all
lower_body_mu-f3g1a_p2r1,p2,240698,241451,mu_foot_right
lower_body_mu-f3g1a_p2r1,p2,257307,258824,mu_feet_both
lower_body_mu-f3g1a_p2r1,p2,259178,265552,mu_foot_left
lower_body_mu-f3g1a_p2r1,p2,281648,282911,mu_legs_both
lower_body_mu-f3g1a_p2r1,p2,298271,302213,mu_lb_all
game_action-f3g1a_p2r1,p2,308777,360013,game_action
upper_body_function-f3g1a_p2r1,p2,37111,55351,self_focused_ub
upper_body_function-f3g1a_p2r1,p2,55351,57377,self_focused_ub
upper_body_function-f3g1a_p2r1,p2,57377,58483,self_focused_ub
upper_body_function-f3g1a_p2r1,p2,58483,59297,self_focused_ub
upper_body_function-f3g1a_p2r1,p2,59297,60190,self_focused_ub
upper_body_function-f3g1a_p2r1,p2,60594,61438,self_focused_ub
upper_body_function-f3g1a_p2r1,p2,61438,61926,context_focused_ub
upper_body_function-f3g1a_p2r1,p2,62248,62872,context_focused_ub
upper_body_function-f3g1a_p2r1,p2,92376,97205,self_focused_ub
upper_body_function-f3g1a_p2r1,p2,182148,182711,self_focused_ub
upper_body_function-f3g1a_p2r1,p2,192576,193376,self_focused_ub
upper_body_function-f3g1a_p2r1,p2,214652,218659,self_focused_ub
upper_body_function-f3g1a_p2r1,p2,220139,220423,self_focused_ub
upper_body_function-f3g1a_p2r1,p2,222581,226212,self_focused_ub
upper_body_function-f3g1a_p2r1,p2,226212,228451,self_focused_ub
upper_body_function-f3g1a_p2r1,p2,228451,234274,self_focused_ub
upper_body_function-f3g1a_p2r1,p2,234274,235847,self_focused_ub
upper_body_function-f3g1a_p2r1,p2,241105,241319,self_focused_ub
upper_body_function-f3g1a_p2r1,p2,247387,247638,self_focused_ub
upper_body_function-f3g1a_p2r1,p2,252849,253026,self_focused_ub
upper_body_function-f3g1a_p2r1,p2,257294,259196,self_focused_ub
upper_body_function-f3g1a_p2r1,p2,259436,261548,self_focused_ub
upper_body_function-f3g1a_p2r1,p2,262051,262884,self_focused_ub
upper_body_function-f3g1a_p2r1,p2,262884,298288,self_focused_ub
upper_body_function-f3g1a_p2r1,p2,298288,300157,self_focused_ub
upper_body_function-f3g1a_p2r1,p2,300157,301652,self_focused_ub
upper_body_function-f3g1a_p2r1,p2,301652,308775,self_focused_ub
upper_body_mu-f3g1a_p2r1,p2,37111,55351,mu_ub_limb_left
upper_body_mu-f3g1a_p2r1,p2,55351,57377,mu_torso_lat
upper_body_mu-f3g1a_p2r1,p2,57377,58483,mu_torso_lat
upper_body_mu-f3g1a_p2r1,p2,58483,59297,mu_torso_fwrd
upper_body_mu-f3g1a_p2r1,p2,59297,60190,mu_torso_back
upper_body_mu-f3g1a_p2r1,p2,60594,61438,mu_hand_left
upper_body_mu-f3g1a_p2r1,p2,61438,61926,mu_torso_back
upper_body_mu-f3g1a_p2r1,p2,62248,62872,mu_torso_lat
upper_body_mu-f3g1a_p2r1,p2,92376,97205,mu_ub_all
upper_body_mu-f3g1a_p2r1,p2,182148,182711,mu_torso_lat
upper_body_mu-f3g1a_p2r1,p2,192576,193376,mu_shoulders_both
upper_body_mu-f3g1a_p2r1,p2,214652,218659,mu_ub_other
upper_body_mu-f3g1a_p2r1,p2,220139,220423,mu_hand_left
upper_body_mu-f3g1a_p2r1,p2,222581,226212,mu_hand_left
upper_body_mu-f3g1a_p2r1,p2,226212,228451,mu_hands_both
upper_body_mu-f3g1a_p2r1,p2,228451,234274,mu_hand_right
upper_body_mu-f3g1a_p2r1,p2,234274,235847,mu_hands_both
upper_body_mu-f3g1a_p2r1,p2,241105,241319,mu_hand_left
upper_body_mu-f3g1a_p2r1,p2,247387,247638,mu_hand_left
upper_body_mu-f3g1a_p2r1,p2,252849,253026,mu_hand_right
upper_body_mu-f3g1a_p2r1,p2,257294,259196,mu_torso_lat
upper_body_mu-f3g1a_p2r1,p2,259436,261548,mu_torso_lat
upper_body_mu-f3g1a_p2r1,p2,262051,262884,mu_ub_all
upper_body_mu-f3g1a_p2r1,p2,262884,298288,mu_arm_right
upper_body_mu-f3g1a_p2r1,p2,298288,300157,mu_torso_lat
upper_body_mu-f3g1a_p2r1,p2,300157,301652,mu_torso_lat
upper_body_mu-f3g1a_p2r1,p2,301652,308775,mu_arm_right
gaze_points-f3g1a_p2r1,p2,0,3252,gaze_to_gameT
gaze_points-f3g1a_p2r1,p2,3252,4306,gaze_down
gaze_points-f3g1a_p2r1,p2,4306,7267,gaze_to_gameT
gaze_points-f3g1a_p2r1,p2,7267,8053,gaze_to_p3
gaze_points-f3g1a_p2r1,p2,8053,9760,gaze_to_gameT
gaze_points-f3g1a_p2r1,p2,9760,10291,gaze_down
gaze_points-f3g1a_p2r1,p2,10291,10711,gaze_up
gaze_points-f3g1a_p2r1,p2,10711,11617,gaze_free_fixation
gaze_points-f3g1a_p2r1,p2,11617,13975,gaze_to_gameT
gaze_points-f3g1a_p2r1,p2,13975,17849,gaze_to_gameT
gaze_points-f3g1a_p2r1,p2,17849,26678,gaze_to_objT
gaze_points-f3g1a_p2r1,p2,26678,27821,gaze_to_p4
gaze_points-f3g1a_p2r1,p2,27821,27981,gaze_to_p5
gaze_points-f3g1a_p2r1,p2,27981,29755,gaze_to_p6
gaze_points-f3g1a_p2r1,p2,29755,30230,gaze_to_gameT
gaze_points-f3g1a_p2r1,p2,30230,30419,gaze_to_p6
gaze_points-f3g1a_p2r1,p2,30419,38442,gaze_to_gameT
gaze_points-f3g1a_p2r1,p2,38442,38902,gaze_to_p6
gaze_points-f3g1a_p2r1,p2,38902,40709,gaze_to_p1
gaze_points-f3g1a_p2r1,p2,40709,41494,gaze_to_gameT
gaze_points-f3g1a_p2r1,p2,41494,41574,gaze_free_fixation
gaze_points-f3g1a_p2r1,p2,41574,41854,gaze_to_gameT
gaze_points-f3g1a_p2r1,p2,41854,42154,gaze_down
gaze_points-f3g1a_p2r1,p2,42154,42774,gaze_down
gaze_points-f3g1a_p2r1,p2,42774,42991,gaze_to_p6
gaze_points-f3g1a_p2r1,p2,42991,44057,gaze_to_p5
gaze_points-f3g1a_p2r1,p2,44057,60025,gaze_to_gameT
gaze_points-f3g1a_p2r1,p2,60025,70263,gaze_to_objT
gaze_points-f3g1a_p2r1,p2,70263,115350,gaze_to_p4
gaze_points-f3g1a_p2r1,p2,115350,119112,gaze_to_p6
gaze_points-f3g1a_p2r1,p2,119112,119966,gaze_to_objT
gaze_points-f3g1a_p2r1,p2,119966,120326,gaze_to_camera
gaze_points-f3g1a_p2r1,p2,120326,121502,gaze_to_object_other
gaze_points-f3g1a_p2r1,p2,121502,121522,gaze_to_objT
gaze_points-f3g1a_p2r1,p2,121522,123412,gaze_to_p4
gaze_points-f3g1a_p2r1,p2,123412,124873,gaze_to_p6
gaze_points-f3g1a_p2r1,p2,124873,150315,gaze_to_gameT
gaze_points-f3g1a_p2r1,p2,150315,184684,gaze_to_gameT
gaze_points-f3g1a_p2r1,p2,184684,184910,gaze_down
gaze_points-f3g1a_p2r1,p2,184910,187272,gaze_to_gameT
gaze_points-f3g1a_p2r1,p2,187272,190739,gaze_to_objT
gaze_points-f3g1a_p2r1,p2,190739,190859,gaze_down
gaze_points-f3g1a_p2r1,p2,190859,205598,gaze_to_gameT
gaze_points-f3g1a_p2r1,p2,205598,206632,gaze_to_p6
gaze_points-f3g1a_p2r1,p2,206632,217996,gaze_to_gameT
gaze_points-f3g1a_p2r1,p2,217996,218980,gaze_down
gaze_points-f3g1a_p2r1,p2,218980,236589,gaze_to_gameT
gaze_points-f3g1a_p2r1,p2,236589,237952,gaze_to_p6
gaze_points-f3g1a_p2r1,p2,237952,270329,gaze_to_gameT
gaze_points-f3g1a_p2r1,p2,270329,271359,gaze_to_p5
gaze_points-f3g1a_p2r1,p2,271359,289591,gaze_to_gameT
gaze_points-f3g1a_p2r1,p2,289591,290750,gaze_to_p6
gaze_points-f3g1a_p2r1,p2,290750,298552,gaze_to_gameT
gaze_points-f3g1a_p2r1,p2,298552,299011,gaze_to_p3
gaze_points-f3g1a_p2r1,p2,299011,309871,gaze_to_gameT
gaze_points-f3g1a_p2r1,p2,309871,310981,gaze_down
gaze_points-f3g1a_p2r1,p2,310981,313589,gaze_to_gameT
gaze_points-f3g1a_p2r1,p2,313589,315313,gaze_down
gaze_points-f3g1a_p2r1,p2,315313,359996,gaze_to_object_other
head_face_mu-f3g1a_p3r1,p3,0,69738,mu_head
head_face_mu-f3g1a_p3r1,p3,69738,70647,mu_head
head_face_mu-f3g1a_p3r1,p3,70845,72225,mu_mouth
head_face_mu-f3g1a_p3r1,p3,73295,76948,mu_head
head_face_mu-f3g1a_p3r1,p3,147925,150088,mu_mouth_head
head_face_mu-f3g1a_p3r1,p3,155698,158053,mu_mouth
head_face_mu-f3g1a_p3r1,p3,158731,161635,mu_mouth_head
head_face_mu-f3g1a_p3r1,p3,164817,167399,mu_mouth_head
head_face_mu-f3g1a_p3r1,p3,168340,173371,mu_mouth
head_face_mu-f3g1a_p3r1,p3,196550,201047,mu_head
head_face_mu-f3g1a_p3r1,p3,216174,218590,mu_mouth
head_face_mu-f3g1a_p3r1,p3,219619,221490,mu_mouth
head_face_mu-f3g1a_p3r1,p3,222973,225643,mu_mouth
head_face_mu-f3g1a_p3r1,p3,232966,234627,mu_head
head_face_mu-f3g1a_p3r1,p3,262675,263757,mu_head
head_face_mu-f3g1a_p3r1,p3,266630,268211,mu_head
head_face_mu-f3g1a_p3r1,p3,269457,275260,mu_mouth
head_face_mu-f3g1a_p3r1,p3,307348,310228,mu_mouth_head
head_face_mu-f3g1a_p3r1,p3,313550,314320,mu_mouth
head_face_mu-f3g1a_p3r1,p3,319867,321926,mu_head
head_face_mu-f3g1a_p3r1,p3,335548,339310,mu_head
head_face_mu-f3g1a_p3r1,p3,346310,348081,mu_head
lower_body_function-f3g1a_p3r1,p3,60151,65269,self-focused_lb
lower_body_function-f3g1a_p3r1,p3,67285,68816,self-focused_lb
lower_body_function-f3g1a_p3r1,p3,141450,144171,self-focused_lb
lower_body_function-f3g1a_p3r1,p3,147370,148868,self-focused_lb
lower_body_function-f3g1a_p3r1,p3,149570,151970,self-focused_lb
lower_body_function-f3g1a_p3r1,p3,164990,166890,self-focused_lb
lower_body_function-f3g1a_p3r1,p3,196940,202205,self-focused_lb
lower_body_function-f3g1a_p3r1,p3,266215,267593,self-focused_lb
lower_body_function-f3g1a_p3r1,p3,268095,268966,self-focused_lb
lower_body_function-f3g1a_p3r1,p3,269488,270427,self-focused_lb
lower_body_function-f3g1a_p3r1,p3,270725,271574,self-focused_lb
lower_body_function-f3g1a_p3r1,p3,308525,309299,self-focused_lb
location-f3g1a_p3r1,p3,0,360010,sit_full
upper_body_function-f3g1a_p3r1,p3,0,70328,self_focused_ub
upper_body_function-f3g1a_p3r1,p3,141078,142885,self_focused_ub
upper_body_function-f3g1a_p3r1,p3,142885,144193,self_focused_ub
upper_body_function-f3g1a_p3r1,p3,147310,149906,self_focused_ub
upper_body_function-f3g1a_p3r1,p3,164839,169198,self_focused_ub
upper_body_function-f3g1a_p3r1,p3,196831,202191,context_focused_ub
upper_body_function-f3g1a_p3r1,p3,230953,265092,self_focused_ub
upper_body_function-f3g1a_p3r1,p3,265092,272817,self_focused_ub
upper_body_function-f3g1a_p3r1,p3,306925,310170,self_focused_ub
upper_body_function-f3g1a_p3r1,p3,335370,337997,self_focused_ub
upper_body_function-f3g1a_p3r1,p3,337997,348950,self_focused_ub
upper_body_function-f3g1a_p3r1,p3,354588,356587,self_focused_ub
gaze_points-f3g1a_p3r1,p3,0,2737,gaze_to_gameT
gaze_points-f3g1a_p3r1,p3,2737,2927,gaze_to_p4
gaze_points-f3g1a_p3r1,p3,2927,6319,gaze_to_objT
gaze_points-f3g1a_p3r1,p3,6319,6878,gaze_to_gameT
gaze_points-f3g1a_p3r1,p3,6878,9101,gaze_to_object_other
gaze_points-f3g1a_p3r1,p3,9101,10067,gaze_to_gameT
gaze_points-f3g1a_p3r1,p3,10067,11264,gaze_to_p4
gaze_points-f3g1a_p3r1,p3,11264,11839,gaze_to_p6
gaze_points-f3g1a_p3r1,p3,11839,12725,gaze_to_gameT
gaze_points-f3g1a_p3r1,p3,12725,13744,gaze_to_objT
gaze_points-f3g1a_p3r1,p3,13744,13924,gaze_to_camera
gaze_points-f3g1a_p3r1,p3,13924,14904,gaze_to_gameT
gaze_points-f3g1a_p3r1,p3,14904,19176,gaze_to_objT
gaze_points-f3g1a_p3r1,p3,19176,20252,gaze_to_gameT
gaze_points-f3g1a_p3r1,p3,20252,25298,gaze_to_objT
gaze_points-f3g1a_p3r1,p3,25298,25788,gaze_to_gameT
gaze_points-f3g1a_p3r1,p3,25788,27185,gaze_to_objT
gaze_points-f3g1a_p3r1,p3,27185,27934,gaze_to_gameT
gaze_points-f3g1a_p3r1,p3,27934,30673,gaze_to_objT
gaze_points-f3g1a_p3r1,p3,30673,31218,gaze_to_gameT
gaze_points-f3g1a_p3r1,p3,31218,33434,gaze_to_objT
gaze_points-f3g1a_p3r1,p3,33434,34496,gaze_to_gameT
gaze_points-f3g1a_p3r1,p3,34496,41087,gaze_to_objT
gaze_points-f3g1a_p3r1,p3,41087,41478,gaze_to_gameT
gaze_points-f3g1a_p3r1,p3,41478,43148,gaze_to_objT
gaze_points-f3g1a_p3r1,p3,43148,43912,gaze_to_p6
gaze_points-f3g1a_p3r1,p3,43912,44466,gaze_to_objT
gaze_points-f3g1a_p3r1,p3,44466,45693,gaze_free_fixation
gaze_points-f3g1a_p3r1,p3,45693,46214,gaze_to_gameT
gaze_points-f3g1a_p3r1,p3,46214,51985,gaze_to_objT
gaze_points-f3g1a_p3r1,p3,51985,54059,gaze_to_gameT
gaze_points-f3g1a_p3r1,p3,54059,54518,gaze_to_p5
gaze_points-f3g1a_p3r1,p3,54518,59584,gaze_to_objT
gaze_points-f3g1a_p3r1,p3,59584,60291,gaze_free_fixation
gaze_points-f3g1a_p3r1,p3,60291,60924,gaze_to_gameT
gaze_points-f3g1a_p3r1,p3,60924,61224,gaze_to_p6
gaze_points-f3g1a_p3r1,p3,61224,61784,gaze_to_p5
gaze_points-f3g1a_p3r1,p3,61784,63591,gaze_to_gameT
gaze_points-f3g1a_p3r1,p3,63591,64231,gaze_to_p6
gaze_points-f3g1a_p3r1,p3,64231,65348,gaze_free_fixation
gaze_points-f3g1a_p3r1,p3,65348,66316,gaze_to_objT
gaze_points-f3g1a_p3r1,p3,66316,67703,gaze_to_p4
gaze_points-f3g1a_p3r1,p3,67703,68245,gaze_to_p6
gaze_points-f3g1a_p3r1,p3,68245,69031,gaze_to_p4
gaze_points-f3g1a_p3r1,p3,69031,69631,gaze_up
gaze_points-f3g1a_p3r1,p3,69631,70892,gaze_to_objT
gaze_points-f3g1a_p3r1,p3,70892,71212,gaze_to_p4
gaze_points-f3g1a_p3r1,p3,71212,72137,gaze_to_objT
gaze_points-f3g1a_p3r1,p3,72137,76047,gaze_to_p4
gaze_points-f3g1a_p3r1,p3,76047,81668,gaze_to_gameT
gaze_points-f3g1a_p3r1,p3,81668,82152,gaze_to_p6
gaze_points-f3g1a_p3r1,p3,82152,92767,gaze_to_p4
gaze_points-f3g1a_p3r1,p3,92767,93267,gaze_to_p5
gaze_points-f3g1a_p3r1,p3,93267,106652,gaze_to_gameT
gaze_points-f3g1a_p3r1,p3,106652,107008,gaze_to_p6
gaze_points-f3g1a_p3r1,p3,107008,113311,gaze_to_gameT
gaze_points-f3g1a_p3r1,p3,113311,130776,gaze_to_p6
gaze_points-f3g1a_p3r1,p3,130776,134343,gaze_to_objT
gaze_points-f3g1a_p3r1,p3,134343,136498,gaze_to_gameT
gaze_points-f3g1a_p3r1,p3,136498,137052,gaze_to_objT
gaze_points-f3g1a_p3r1,p3,137052,137234,gaze_to_p6
gaze_points-f3g1a_p3r1,p3,137234,137858,gaze_to_p4
gaze_points-f3g1a_p3r1,p3,137858,138454,gaze_to_p6
gaze_points-f3g1a_p3r1,p3,138454,138934,gaze_to_p5
gaze_points-f3g1a_p3r1,p3,138934,139354,gaze_to_p6
gaze_points-f3g1a_p3r1,p3,139354,140169,gaze_to_objT
gaze_points-f3g1a_p3r1,p3,140169,140731,gaze_to_p4
gaze_points-f3g1a_p3r1,p3,140736,141246,gaze_to_p4
gaze_points-f3g1a_p3r1,p3,141254,144591,gaze_to_p6
gaze_points-f3g1a_p3r1,p3,144591,145975,gaze_to_p4
gaze_points-f3g1a_p3r1,p3,145975,146671,gaze_to_p6
gaze_points-f3g1a_p3r1,p3,146671,147048,gaze_to_p6
gaze_points-f3g1a_p3r1,p3,147048,150219,gaze_to_gameT
gaze_points-f3g1a_p3r1,p3,150219,153590,gaze_to_p6
gaze_points-f3g1a_p3r1,p3,153590,154195,gaze_to_p4
gaze_points-f3g1a_p3r1,p3,154195,163911,gaze_to_gameT
gaze_points-f3g1a_p3r1,p3,163911,164432,gaze_to_p4
gaze_points-f3g1a_p3r1,p3,164432,171073,gaze_to_gameT
gaze_points-f3g1a_p3r1,p3,171073,171313,gaze_free_fixation
gaze_points-f3g1a_p3r1,p3,171313,177570,gaze_to_gameT
gaze_points-f3g1a_p3r1,p3,177570,177970,gaze_to_p6
gaze_points-f3g1a_p3r1,p3,177970,189190,gaze_to_gameT
gaze_points-f3g1a_p3r1,p3,189190,189844,gaze_to_p5
gaze_points-f3g1a_p3r1,p3,189844,196331,gaze_to_gameT
gaze_points-f3g1a_p3r1,p3,196331,196855,gaze_to_objT
gaze_points-f3g1a_p3r1,p3,196855,198812,gaze_to_object_other
gaze_points-f3g1a_p3r1,p3,198812,199352,gaze_to_camera
gaze_points-f3g1a_p3r1,p3,199352,199871,gaze_to_p4
gaze_points-f3g1a_p3r1,p3,199871,200230,gaze_down
gaze_points-f3g1a_p3r1,p3,200230,200590,gaze_to_gameT
gaze_points-f3g1a_p3r1,p3,200590,201138,gaze_to_p5
gaze_points-f3g1a_p3r1,p3,201138,205691,gaze_to_gameT
gaze_points-f3g1a_p3r1,p3,205691,206856,gaze_to_p6
gaze_points-f3g1a_p3r1,p3,206856,215180,gaze_to_gameT
gaze_points-f3g1a_p3r1,p3,215180,215580,gaze_to_p6
gaze_points-f3g1a_p3r1,p3,215580,235889,gaze_to_gameT
gaze_points-f3g1a_p3r1,p3,235889,236352,gaze_to_p6
gaze_points-f3g1a_p3r1,p3,236352,246411,gaze_to_gameT
gaze_points-f3g1a_p3r1,p3,246411,246831,gaze_to_p5
gaze_points-f3g1a_p3r1,p3,246831,261035,gaze_to_gameT
gaze_points-f3g1a_p3r1,p3,261035,263213,gaze_to_p5
gaze_points-f3g1a_p3r1,p3,263213,263730,gaze_to_p6
gaze_points-f3g1a_p3r1,p3,263730,264871,gaze_to_gameT
gaze_points-f3g1a_p3r1,p3,264871,265233,gaze_to_p6
gaze_points-f3g1a_p3r1,p3,265233,266816,gaze_to_gameT
gaze_points-f3g1a_p3r1,p3,266816,268091,gaze_to_p5
gaze_points-f3g1a_p3r1,p3,268091,270767,gaze_to_gameT
gaze_points-f3g1a_p3r1,p3,270767,273169,gaze_to_p5
gaze_points-f3g1a_p3r1,p3,273169,287373,gaze_to_gameT
gaze_points-f3g1a_p3r1,p3,287373,287853,gaze_to_p6
gaze_points-f3g1a_p3r1,p3,287853,288404,gaze_to_gameT
gaze_points-f3g1a_p3r1,p3,288404,289370,gaze_to_p6
gaze_points-f3g1a_p3r1,p3,289370,305475,gaze_to_gameT
gaze_points-f3g1a_p3r1,p3,305475,306175,gaze_to_p4
gaze_points-f3g1a_p3r1,p3,306175,320040,gaze_to_gameT
gaze_points-f3g1a_p3r1,p3,320040,321390,gaze_to_p2
gaze_points-f3g1a_p3r1,p3,321390,322631,gaze_to_gameT
gaze_points-f3g1a_p3r1,p3,322631,323051,gaze_to_p6
gaze_points-f3g1a_p3r1,p3,323051,336056,gaze_to_gameT
gaze_points-f3g1a_p3r1,p3,336056,336636,gaze_to_p6
gaze_points-f3g1a_p3r1,p3,336636,342538,gaze_to_gameT
gaze_points-f3g1a_p3r1,p3,342538,342990,gaze_to_p5
gaze_points-f3g1a_p3r1,p3,342990,346380,gaze_to_gameT
gaze_points-f3g1a_p3r1,p3,346380,347430,gaze_to_p2
gaze_points-f3g1a_p3r1,p3,347430,353136,gaze_to_gameT
gaze_points-f3g1a_p3r1,p3,353136,353616,gaze_to_p6
gaze_points-f3g1a_p3r1,p3,353616,354036,gaze_to_p2
gaze_points-f3g1a_p3r1,p3,354036,354423,gaze_to_p6
gaze_points-f3g1a_p3r1,p3,354423,355213,gaze_to_gameT
gaze_points-f3g1a_p3r1,p3,355213,355612,gaze_to_p6
gaze_points-f3g1a_p3r1,p3,355612,360019,gaze_to_gameT
head_face_function-f3g1a_p3r1,p3,0,69738,self_focused_hf
head_face_function-f3g1a_p3r1,p3,69738,70647,context_focused_hf
head_face_function-f3g1a_p3r1,p3,70845,72225,self_focused_hf
head_face_function-f3g1a_p3r1,p3,73295,76948,context_focused_hf
head_face_function-f3g1a_p3r1,p3,147925,150088,self_focused_hf
head_face_function-f3g1a_p3r1,p3,155698,158053,self_focused_hf
head_face_function-f3g1a_p3r1,p3,158731,161635,self_focused_hf
head_face_function-f3g1a_p3r1,p3,164817,167399,self_focused_hf
head_face_function-f3g1a_p3r1,p3,168340,173371,self_focused_hf
head_face_function-f3g1a_p3r1,p3,196550,201047,context_focused_hf
head_face_function-f3g1a_p3r1,p3,216174,218590,self_focused_hf
head_face_function-f3g1a_p3r1,p3,219619,221490,self_focused_hf
head_face_function-f3g1a_p3r1,p3,222973,225643,self_focused_hf
head_face_function-f3g1a_p3r1,p3,232966,234627,self_focused_hf
head_face_function-f3g1a_p3r1,p3,262675,263757,context_focused_hf
head_face_function-f3g1a_p3r1,p3,266630,268211,context_focused_hf
head_face_function-f3g1a_p3r1,p3,269457,275260,self_focused_hf
head_face_function-f3g1a_p3r1,p3,307348,310228,self_focused_hf
head_face_function-f3g1a_p3r1,p3,313550,314320,self_focused_hf
head_face_function-f3g1a_p3r1,p3,319867,321926,context_focused_hf
head_face_function-f3g1a_p3r1,p3,335548,339310,self_focused_hf
head_face_function-f3g1a_p3r1,p3,346310,348081,context_focused_hf
lower_body_mu-f3g1a_p3r1,p3,60151,65269,mu_foot_left
lower_body_mu-f3g1a_p3r1,p3,67285,68816,mu_foot_left
lower_body_mu-f3g1a_p3r1,p3,141450,144171,mu_lb_limbs_both
lower_body_mu-f3g1a_p3r1,p3,147370,148868,mu_legs_both
lower_body_mu-f3g1a_p3r1,p3,149570,151970,mu_lb_limbs_both
lower_body_mu-f3g1a_p3r1,p3,164990,166890,mu_legs_both
lower_body_mu-f3g1a_p3r1,p3,196940,202205,mu_legs_both
lower_body_mu-f3g1a_p3r1,p3,266215,267593,mu_legs_both
lower_body_mu-f3g1a_p3r1,p3,268095,268966,mu_foot_left
lower_body_mu-f3g1a_p3r1,p3,269488,270427,mu_foot_left
lower_body_mu-f3g1a_p3r1,p3,270725,271574,mu_foot_left
lower_body_mu-f3g1a_p3r1,p3,308525,309299,mu_foot_left
upper_body_mu-f3g1a_p3r1,p3,0,70328,mu_hand_right
upper_body_mu-f3g1a_p3r1,p3,141078,142885,mu_torso_fwrd
upper_body_mu-f3g1a_p3r1,p3,142885,144193,mu_torso_back
upper_body_mu-f3g1a_p3r1,p3,147310,149906,mu_ub_all
upper_body_mu-f3g1a_p3r1,p3,164839,169198,mu_ub_all
upper_body_mu-f3g1a_p3r1,p3,196831,202191,mu_ub_all
upper_body_mu-f3g1a_p3r1,p3,230953,265092,mu_hands_both
upper_body_mu-f3g1a_p3r1,p3,265092,272817,mu_ub_all
upper_body_mu-f3g1a_p3r1,p3,306925,310170,mu_shoulders_both
upper_body_mu-f3g1a_p3r1,p3,335370,337997,mu_ub_all
upper_body_mu-f3g1a_p3r1,p3,337997,348950,mu_hands_both
upper_body_mu-f3g1a_p3r1,p3,354588,356587,mu_hands_both
lower_body_mu-f3g1a_p4r1,p4,10501,15197,mu_lb_limbs_both
lower_body_mu-f3g1a_p4r1,p4,29835,30529,mu_foot_left
lower_body_mu-f3g1a_p4r1,p4,58915,63916,mu_lb_limbs_both
lower_body_mu-f3g1a_p4r1,p4,165305,170332,mu_lb_all
lower_body_mu-f3g1a_p4r1,p4,180016,181791,mu_lb_all
lower_body_mu-f3g1a_p4r1,p4,181791,187256,mu_feet_both
lower_body_mu-f3g1a_p4r1,p4,203459,204334,mu_foot_left
lower_body_mu-f3g1a_p4r1,p4,205670,208398,mu_foot_left
lower_body_mu-f3g1a_p4r1,p4,232283,233411,mu_foot_right
lower_body_mu-f3g1a_p4r1,p4,233713,237583,mu_feet_both
lower_body_mu-f3g1a_p4r1,p4,259627,268488,mu_lb_limbs_both
lower_body_mu-f3g1a_p4r1,p4,296947,302041,mu_lb_limbs_both
lower_body_mu-f3g1a_p4r1,p4,307922,309454,mu_legs_both
lower_body_mu-f3g1a_p4r1,p4,311365,313159,mu_legs_both
lower_body_mu-f3g1a_p4r1,p4,339316,345767,mu_lb_limbs_both
upper_body_function-f3g1a_p4r1,p4,9442,12337,self_focused_ub
upper_body_function-f3g1a_p4r1,p4,28137,30140,context_focused_ub
upper_body_function-f3g1a_p4r1,p4,30140,46649,self_focused_ub
upper_body_function-f3g1a_p4r1,p4,46649,50338,context_focused_ub
upper_body_function-f3g1a_p4r1,p4,50751,57913,self_focused_ub
upper_body_function-f3g1a_p4r1,p4,57913,62112,self_focused_ub
upper_body_function-f3g1a_p4r1,p4,165313,166150,self_focused_ub
upper_body_function-f3g1a_p4r1,p4,166150,167533,self_focused_ub
upper_body_function-f3g1a_p4r1,p4,167533,168818,self_focused_ub
upper_body_function-f3g1a_p4r1,p4,180025,182570,context_focused_ub
upper_body_function-f3g1a_p4r1,p4,201677,204819,context_focused_ub
upper_body_function-f3g1a_p4r1,p4,231852,232473,context_focused_ub
upper_body_function-f3g1a_p4r1,p4,232473,234827,self_focused_ub
upper_body_function-f3g1a_p4r1,p4,234827,237239,self_focused_ub
upper_body_function-f3g1a_p4r1,p4,258518,261209,self_focused_ub
upper_body_function-f3g1a_p4r1,p4,261209,262051,self_focused_ub
upper_body_function-f3g1a_p4r1,p4,262051,266833,context_focused_ub
upper_body_function-f3g1a_p4r1,p4,296957,300484,self_focused_ub
upper_body_function-f3g1a_p4r1,p4,305333,306542,self_focused_ub
upper_body_function-f3g1a_p4r1,p4,306879,307827,self_focused_ub
upper_body_function-f3g1a_p4r1,p4,307827,308969,self_focused_ub
upper_body_function-f3g1a_p4r1,p4,308969,311070,self_focused_ub
upper_body_function-f3g1a_p4r1,p4,311478,313173,self_focused_ub
upper_body_function-f3g1a_p4r1,p4,313189,313429,self_focused_ub
upper_body_function-f3g1a_p4r1,p4,337717,339772,self_focused_ub
upper_body_function-f3g1a_p4r1,p4,339772,341089,self_focused_ub
upper_body_function-f3g1a_p4r1,p4,341089,342789,self_focused_ub
upper_body_function-f3g1a_p4r1,p4,357211,358705,self_focused_ub
upper_body_function-f3g1a_p4r1,p4,358705,360003,context_focused_ub
game_action-f3g1a_p4r1,p4,65509,163700,game_action
gaze_points-f3g1a_p4r1,p4,0,8883,gaze_free_fixation
gaze_points-f3g1a_p4r1,p4,8883,10226,gaze_to_p3
gaze_points-f3g1a_p4r1,p4,10226,12395,gaze_to_gameT
gaze_points-f3g1a_p4r1,p4,12395,15152,gaze_down
gaze_points-f3g1a_p4r1,p4,15152,19774,gaze_to_gameT
gaze_points-f3g1a_p4r1,p4,19774,20625,gaze_to_p2
gaze_points-f3g1a_p4r1,p4,20625,24993,gaze_to_gameT
gaze_points-f3g1a_p4r1,p4,24993,27194,gaze_to_p2
gaze_points-f3g1a_p4r1,p4,27194,28999,gaze_to_gameT
gaze_points-f3g1a_p4r1,p4,28999,30342,gaze_free_fixation
gaze_points-f3g1a_p4r1,p4,30342,33985,gaze_to_objT
gaze_points-f3g1a_p4r1,p4,33985,35274,gaze_to_p2
gaze_points-f3g1a_p4r1,p4,35274,36480,gaze_to_p3
gaze_points-f3g1a_p4r1,p4,36480,42253,gaze_to_gameT
gaze_points-f3g1a_p4r1,p4,42253,45204,gaze_to_objT
gaze_points-f3g1a_p4r1,p4,45204,52785,gaze_to_gameT
gaze_points-f3g1a_p4r1,p4,52785,55066,gaze_to_objT
gaze_points-f3g1a_p4r1,p4,55066,56179,gaze_to_p2
gaze_points-f3g1a_p4r1,p4,56179,57988,gaze_to_p3
gaze_points-f3g1a_p4r1,p4,57988,58756,gaze_to_objT
gaze_points-f3g1a_p4r1,p4,58756,59100,gaze_to_gameT
gaze_points-f3g1a_p4r1,p4,59100,62823,gaze_to_objT
gaze_points-f3g1a_p4r1,p4,62823,64689,gaze_to_gameT
gaze_points-f3g1a_p4r1,p4,64689,66058,gaze_to_objT
gaze_points-f3g1a_p4r1,p4,66058,66646,gaze_to_p2
gaze_points-f3g1a_p4r1,p4,66646,67718,gaze_down
gaze_points-f3g1a_p4r1,p4,67718,74558,gaze_to_objT
gaze_points-f3g1a_p4r1,p4,74558,138131,gaze_to_gameT
gaze_points-f3g1a_p4r1,p4,138131,139059,gaze_to_p6
gaze_points-f3g1a_p4r1,p4,139059,141079,gaze_to_gameT
gaze_points-f3g1a_p4r1,p4,141079,144479,gaze_to_objT
gaze_points-f3g1a_p4r1,p4,144479,146734,gaze_to_p6
gaze_points-f3g1a_p4r1,p4,146734,147718,gaze_down
gaze_points-f3g1a_p4r1,p4,147718,148166,gaze_to_home
gaze_points-f3g1a_p4r1,p4,148166,149909,gaze_to_p4
gaze_points-f3g1a_p4r1,p4,149909,151043,gaze_down
gaze_points-f3g1a_p4r1,p4,151043,153865,gaze_to_gameT
gaze_points-f3g1a_p4r1,p4,153865,156246,gaze_to_p6
gaze_points-f3g1a_p4r1,p4,156246,158616,gaze_to_p4
gaze_points-f3g1a_p4r1,p4,158616,160009,gaze_to_p2
gaze_points-f3g1a_p4r1,p4,160009,160839,gaze_to_p3
gaze_points-f3g1a_p4r1,p4,160839,161421,gaze_to_p6
gaze_points-f3g1a_p4r1,p4,161421,163118,gaze_to_p2
gaze_points-f3g1a_p4r1,p4,163118,171338,gaze_free_fixation
gaze_points-f3g1a_p4r1,p4,171338,172039,gaze_to_p2
gaze_points-f3g1a_p4r1,p4,172039,172778,gaze_to_p3
gaze_points-f3g1a_p4r1,p4,172778,177565,gaze_free_fixation
gaze_points-f3g1a_p4r1,p4,177565,178222,gaze_to_p2
gaze_points-f3g1a_p4r1,p4,178222,179842,gaze_free_fixation
gaze_points-f3g1a_p4r1,p4,179842,180475,gaze_down
gaze_points-f3g1a_p4r1,p4,180475,183799,gaze_down
gaze_points-f3g1a_p4r1,p4,183799,186036,gaze_to_p2
gaze_points-f3g1a_p4r1,p4,186036,197173,gaze_free_fixation
gaze_points-f3g1a_p4r1,p4,197173,198299,gaze_to_p3
gaze_points-f3g1a_p4r1,p4,198299,199295,gaze_to_p2
gaze_points-f3g1a_p4r1,p4,199295,205524,gaze_free_fixation
gaze_points-f3g1a_p4r1,p4,205524,207478,gaze_to_p2
gaze_points-f3g1a_p4r1,p4,207478,215098,gaze_to_p2
gaze_points-f3g1a_p4r1,p4,215098,216518,gaze_down
gaze_points-f3g1a_p4r1,p4,216518,218677,gaze_to_p2
gaze_points-f3g1a_p4r1,p4,218677,220009,gaze_to_p3
gaze_points-f3g1a_p4r1,p4,220009,223379,gaze_down
gaze_points-f3g1a_p4r1,p4,223379,224211,gaze_to_p3
gaze_points-f3g1a_p4r1,p4,224211,224611,gaze_down
gaze_points-f3g1a_p4r1,p4,224611,225090,gaze_to_p1
gaze_points-f3g1a_p4r1,p4,225090,233215,gaze_down
gaze_points-f3g1a_p4r1,p4,233215,237781,gaze_to_gameT
gaze_points-f3g1a_p4r1,p4,237781,241102,gaze_down
gaze_points-f3g1a_p4r1,p4,241102,241656,gaze_down
gaze_points-f3g1a_p4r1,p4,241656,243525,gaze_to_p2
gaze_points-f3g1a_p4r1,p4,243525,252552,gaze_to_gameT
gaze_points-f3g1a_p4r1,p4,252552,253134,gaze_to_p3
gaze_points-f3g1a_p4r1,p4,253134,253966,gaze_to_p2
gaze_points-f3g1a_p4r1,p4,253966,254980,gaze_to_gameT
gaze_points-f3g1a_p4r1,p4,254980,255778,gaze_to_p2
gaze_points-f3g1a_p4r1,p4,255778,262684,gaze_to_gameT
gaze_points-f3g1a_p4r1,p4,262684,263703,gaze_to_p4
gaze_points-f3g1a_p4r1,p4,263703,265463,gaze_to_gameT
gaze_points-f3g1a_p4r1,p4,265463,266304,gaze_down
gaze_points-f3g1a_p4r1,p4,266304,268583,gaze_to_p6
gaze_points-f3g1a_p4r1,p4,268583,269046,gaze_to_p5
gaze_points-f3g1a_p4r1,p4,269046,269639,gaze_free_fixation
gaze_points-f3g1a_p4r1,p4,269639,271396,gaze_down
gaze_points-f3g1a_p4r1,p4,271396,290927,gaze_free_fixation
gaze_points-f3g1a_p4r1,p4,290927,291469,gaze_to_p6
gaze_points-f3g1a_p4r1,p4,291469,297338,gaze_free_fixation
gaze_points-f3g1a_p4r1,p4,297338,298915,gaze_to_gameT
gaze_points-f3g1a_p4r1,p4,298915,303244,gaze_to_p5
gaze_points-f3g1a_p4r1,p4,303244,304168,gaze_to_p3
gaze_points-f3g1a_p4r1,p4,304168,305121,gaze_to_p4
gaze_points-f3g1a_p4r1,p4,305121,305919,gaze_to_p3
gaze_points-f3g1a_p4r1,p4,305919,312306,gaze_to_p4
gaze_points-f3g1a_p4r1,p4,312306,326164,gaze_free_fixation
gaze_points-f3g1a_p4r1,p4,326164,330260,gaze_free_fixation
gaze_points-f3g1a_p4r1,p4,330260,354597,gaze_to_gameT
gaze_points-f3g1a_p4r1,p4,354597,355123,gaze_to_gameT
gaze_points-f3g1a_p4r1,p4,355123,358622,gaze_to_gameT
gaze_points-f3g1a_p4r1,p4,358622,359663,gaze_to_gameT
gaze_points-f3g1a_p4r1,p4,359663,360000,gaze_to_gameT
location-f3g1a_p4r1,p4,0,65509,sit_full
location-f3g1a_p4r1,p4,65509,68357,goTo_prep
location-f3g1a_p4r1,p4,68357,72510,goTo_objT
location-f3g1a_p4r1,p4,72510,73804,stand_at_objT
location-f3g1a_p4r1,p4,73804,77484,goTo_gameT
location-f3g1a_p4r1,p4,77484,140219,stand_at_gameT
location-f3g1a_p4r1,p4,140219,144022,goTo_objT
location-f3g1a_p4r1,p4,144022,149433,goTo_4
location-f3g1a_p4r1,p4,149433,163652,settling
location-f3g1a_p4r1,p4,163652,165305,sit_full
location-f3g1a_p4r1,p4,165305,170273,settling
location-f3g1a_p4r1,p4,170273,180016,sit_full
location-f3g1a_p4r1,p4,180016,187147,settling
location-f3g1a_p4r1,p4,187147,231810,sit_full
location-f3g1a_p4r1,p4,231810,238725,settling
location-f3g1a_p4r1,p4,238725,258177,sit_full
location-f3g1a_p4r1,p4,258181,267340,settling
location-f3g1a_p4r1,p4,267340,297018,sit_full
location-f3g1a_p4r1,p4,297018,302034,settling
location-f3g1a_p4r1,p4,302034,306717,sit_full
location-f3g1a_p4r1,p4,306717,311158,settling
location-f3g1a_p4r1,p4,311158,311685,sit_full
location-f3g1a_p4r1,p4,311685,313388,settling
location-f3g1a_p4r1,p4,313388,337836,sit_full
location-f3g1a_p4r1,p4,337836,345430,settling
location-f3g1a_p4r1,p4,345430,357458,sit_full
location-f3g1a_p4r1,p4,357458,360002,settling
head_face_function-f3g1a_p4r1,p4,9002,13610,context_focused_hf
head_face_function-f3g1a_p4r1,p4,28588,33933,context_focused_hf
head_face_function-f3g1a_p4r1,p4,33933,35933,context_focused_hf
head_face_function-f3g1a_p4r1,p4,47079,48159,context_focused_hf
head_face_function-f3g1a_p4r1,p4,58811,62717,context_focused_hf
head_face_function-f3g1a_p4r1,p4,63014,63359,context_focused_hf
head_face_function-f3g1a_p4r1,p4,171404,172162,self_focused_hf
head_face_function-f3g1a_p4r1,p4,180763,181513,context_focused_hf
head_face_function-f3g1a_p4r1,p4,183711,184315,context_focused_hf
head_face_function-f3g1a_p4r1,p4,201588,204098,context_focused_hf
head_face_function-f3g1a_p4r1,p4,205462,206002,context_focused_hf
head_face_function-f3g1a_p4r1,p4,207479,207959,context_focused_hf
head_face_function-f3g1a_p4r1,p4,231750,238286,context_focused_hf
head_face_function-f3g1a_p4r1,p4,246240,258150,self_focused_hf
head_face_function-f3g1a_p4r1,p4,258150,266563,self_focused_hf
head_face_function-f3g1a_p4r1,p4,268559,269165,context_focused_hf
head_face_function-f3g1a_p4r1,p4,297007,300007,self_focused_hf
head_face_function-f3g1a_p4r1,p4,306727,311196,self_focused_hf
head_face_function-f3g1a_p4r1,p4,311832,313413,self_focused_hf
head_face_function-f3g1a_p4r1,p4,343055,345097,self_focused_hf
head_face_function-f3g1a_p4r1,p4,358470,360010,context_focused_hf
lower_body_function-f3g1a_p4r1,p4,10501,15197,self-focused_lb
lower_body_function-f3g1a_p4r1,p4,29835,30529,self-focused_lb
lower_body_function-f3g1a_p4r1,p4,58915,63916,self-focused_lb
lower_body_function-f3g1a_p4r1,p4,165305,170332,self-focused_lb
lower_body_function-f3g1a_p4r1,p4,180016,181791,self-focused_lb
lower_body_function-f3g1a_p4r1,p4,181791,187256,self-focused_lb
lower_body_function-f3g1a_p4r1,p4,203459,204334,self-focused_lb
lower_body_function-f3g1a_p4r1,p4,205670,208398,self-focused_lb
lower_body_function-f3g1a_p4r1,p4,232283,233411,self-focused_lb
lower_body_function-f3g1a_p4r1,p4,233713,237583,self-focused_lb
lower_body_function-f3g1a_p4r1,p4,259627,268488,self-focused_lb
lower_body_function-f3g1a_p4r1,p4,296947,302041,self-focused_lb
lower_body_function-f3g1a_p4r1,p4,307922,309454,self-focused_lb
lower_body_function-f3g1a_p4r1,p4,311365,313159,self-focused_lb
lower_body_function-f3g1a_p4r1,p4,339316,345767,self-focused_lb
upper_body_mu-f3g1a_p4r1,p4,9442,12337,mu_ub_all
upper_body_mu-f3g1a_p4r1,p4,28137,30140,mu_ub_all
upper_body_mu-f3g1a_p4r1,p4,30140,46649,mu_hand_right
upper_body_mu-f3g1a_p4r1,p4,46649,50338,mu_hand_right
upper_body_mu-f3g1a_p4r1,p4,50751,57913,mu_hand_right
upper_body_mu-f3g1a_p4r1,p4,57913,62112,mu_ub_all
upper_body_mu-f3g1a_p4r1,p4,165313,166150,mu_ub_limb_both
upper_body_mu-f3g1a_p4r1,p4,166150,167533,mu_ub_limb_both
upper_body_mu-f3g1a_p4r1,p4,167533,168818,mu_ub_limb_both
upper_body_mu-f3g1a_p4r1,p4,180025,182570,mu_ub_all
upper_body_mu-f3g1a_p4r1,p4,201677,204819,mu_hand_left
upper_body_mu-f3g1a_p4r1,p4,231852,232473,mu_hand_left
upper_body_mu-f3g1a_p4r1,p4,232473,234827,mu_ub_all
upper_body_mu-f3g1a_p4r1,p4,234827,237239,mu_ub_all
upper_body_mu-f3g1a_p4r1,p4,258518,261209,mu_ub_all
upper_body_mu-f3g1a_p4r1,p4,261209,262051,mu_ub_limb_both
upper_body_mu-f3g1a_p4r1,p4,262051,266833,mu_ub_all
upper_body_mu-f3g1a_p4r1,p4,296957,300484,mu_ub_all
upper_body_mu-f3g1a_p4r1,p4,305333,306542,mu_hand_right
upper_body_mu-f3g1a_p4r1,p4,306879,307827,mu_shoulder_right
upper_body_mu-f3g1a_p4r1,p4,307827,308969,mu_ub_limb_right
upper_body_mu-f3g1a_p4r1,p4,308969,311070,mu_shoulders_both
upper_body_mu-f3g1a_p4r1,p4,311478,313173,mu_ub_limb_right
upper_body_mu-f3g1a_p4r1,p4,313189,313429,mu_arm_right
upper_body_mu-f3g1a_p4r1,p4,337717,339772,mu_torso_back
upper_body_mu-f3g1a_p4r1,p4,339772,341089,mu_ub_limb_right
upper_body_mu-f3g1a_p4r1,p4,341089,342789,mu_torso_fwrd
upper_body_mu-f3g1a_p4r1,p4,357211,358705,mu_torso_back
upper_body_mu-f3g1a_p4r1,p4,358705,360003,mu_ub_limb_left
head_face_mu-f3g1a_p4r1,p4,9002,13610,mu_mouth_head
head_face_mu-f3g1a_p4r1,p4,28588,33933,mu_head
head_face_mu-f3g1a_p4r1,p4,33933,35933,mu_head
head_face_mu-f3g1a_p4r1,p4,47079,48159,mu_eyes_brows_head
head_face_mu-f3g1a_p4r1,p4,58811,62717,mu_head
head_face_mu-f3g1a_p4r1,p4,63014,63359,mu_head
head_face_mu-f3g1a_p4r1,p4,171404,172162,mu_head
head_face_mu-f3g1a_p4r1,p4,180763,181513,mu_head
head_face_mu-f3g1a_p4r1,p4,183711,184315,mu_eyes_brows
head_face_mu-f3g1a_p4r1,p4,201588,204098,mu_head
head_face_mu-f3g1a_p4r1,p4,205462,206002,mu_eyes_brows_head
head_face_mu-f3g1a_p4r1,p4,207479,207959,mu_eyes_brows_head
head_face_mu-f3g1a_p4r1,p4,231750,238286,mu_head
head_face_mu-f3g1a_p4r1,p4,246240,258150,mu_mouth
head_face_mu-f3g1a_p4r1,p4,258150,266563,mu_mouth_head
head_face_mu-f3g1a_p4r1,p4,268559,269165,mu_head
head_face_mu-f3g1a_p4r1,p4,297007,300007,mu_head
head_face_mu-f3g1a_p4r1,p4,306727,311196,mu_mouth_head
head_face_mu-f3g1a_p4r1,p4,311832,313413,mu_head
head_face_mu-f3g1a_p4r1,p4,343055,345097,mu_head
head_face_mu-f3g1a_p4r1,p4,358470,360010,mu_face_head
location-f3g1a_p5r1,p5,0,162842,sit_full
location-f3g1a_p5r1,p5,162842,171395,settling
location-f3g1a_p5r1,p5,171395,198093,sit_full
location-f3g1a_p5r1,p5,198093,201246,settling
location-f3g1a_p5r1,p5,201246,260127,sit_full
location-f3g1a_p5r1,p5,260127,262437,goTo_prep
location-f3g1a_p5r1,p5,262437,266931,goTo_objT
location-f3g1a_p5r1,p5,266931,267836,stand_at_objT
location-f3g1a_p5r1,p5,267836,268623,goTo_gameT
location-f3g1a_p5r1,p5,268624,269489,goTo_objT
location-f3g1a_p5r1,p5,269489,273477,goTo_gameT
location-f3g1a_p5r1,p5,273477,360008,stand_at_gameT
head_face_mu-f3g1a_p5r1,p5,0,2681,mu_head
head_face_mu-f3g1a_p5r1,p5,3436,5232,mu_head
head_face_mu-f3g1a_p5r1,p5,27198,31847,mu_head
head_face_mu-f3g1a_p5r1,p5,52498,52999,mu_head
head_face_mu-f3g1a_p5r1,p5,65958,68479,mu_head
head_face_mu-f3g1a_p5r1,p5,68479,74793,mu_head
head_face_mu-f3g1a_p5r1,p5,74793,76298,mu_head
head_face_mu-f3g1a_p5r1,p5,76552,77236,mu_head
head_face_mu-f3g1a_p5r1,p5,104239,111089,mu_head
head_face_mu-f3g1a_p5r1,p5,111089,112390,mu_head
head_face_mu-f3g1a_p5r1,p5,114198,115357,mu_head
head_face_mu-f3g1a_p5r1,p5,143175,148474,mu_head
head_face_mu-f3g1a_p5r1,p5,148474,148953,mu_head
head_face_mu-f3g1a_p5r1,p5,148953,157914,mu_head
head_face_mu-f3g1a_p5r1,p5,157914,161537,mu_head
head_face_mu-f3g1a_p5r1,p5,163033,169952,mu_head
head_face_mu-f3g1a_p5r1,p5,178254,180457,mu_head
head_face_mu-f3g1a_p5r1,p5,187150,189897,mu_head
head_face_mu-f3g1a_p5r1,p5,189897,191494,mu_head
head_face_mu-f3g1a_p5r1,p5,198098,200729,mu_face_head
head_face_mu-f3g1a_p5r1,p5,200729,201231,mu_head
head_face_mu-f3g1a_p5r1,p5,206859,207431,mu_head
head_face_mu-f3g1a_p5r1,p5,210757,211636,mu_head
head_face_mu-f3g1a_p5r1,p5,236531,245296,mu_head
head_face_mu-f3g1a_p5r1,p5,245296,246557,mu_head
head_face_mu-f3g1a_p5r1,p5,251545,257730,mu_head
head_face_mu-f3g1a_p5r1,p5,257730,258818,mu_head
game_action-f3g1a_p5r1,p5,260127,360000,game_action
lower_body_mu-f3g1a_p5r1,p5,12886,17273,mu_foot_right
lower_body_mu-f3g1a_p5r1,p5,27325,32416,mu_feet_both
lower_body_mu-f3g1a_p5r1,p5,53213,56097,mu_foot_right
lower_body_mu-f3g1a_p5r1,p5,68499,70101,mu_foot_right
lower_body_mu-f3g1a_p5r1,p5,162716,170197,mu_lb_all
lower_body_mu-f3g1a_p5r1,p5,197855,201015,mu_lb_all
lower_body_function-f3g1a_p5r1,p5,12886,17273,self-focused_lb
lower_body_function-f3g1a_p5r1,p5,27325,32416,self-focused_lb
lower_body_function-f3g1a_p5r1,p5,53213,56097,self-focused_lb
lower_body_function-f3g1a_p5r1,p5,68499,70101,self-focused_lb
lower_body_function-f3g1a_p5r1,p5,162716,170197,context_focused_lb
lower_body_function-f3g1a_p5r1,p5,197855,201015,self-focused_lb
upper_body_function-f3g1a_p5r1,p5,0,3378,self_focused_ub
upper_body_function-f3g1a_p5r1,p5,4060,5350,self_focused_ub
upper_body_function-f3g1a_p5r1,p5,14227,18431,self_focused_ub
upper_body_function-f3g1a_p5r1,p5,27421,30448,self_focused_ub
upper_body_function-f3g1a_p5r1,p5,32481,37305,self_focused_ub
upper_body_function-f3g1a_p5r1,p5,65992,69298,self_focused_ub
upper_body_function-f3g1a_p5r1,p5,69393,69960,self_focused_ub
upper_body_function-f3g1a_p5r1,p5,114595,115235,self_focused_ub
upper_body_function-f3g1a_p5r1,p5,140565,144647,self_focused_ub
upper_body_function-f3g1a_p5r1,p5,148856,150182,self_focused_ub
upper_body_function-f3g1a_p5r1,p5,151369,159024,self_focused_ub
upper_body_function-f3g1a_p5r1,p5,159024,162293,self_focused_ub
upper_body_function-f3g1a_p5r1,p5,162293,169548,context_focused_ub
upper_body_function-f3g1a_p5r1,p5,169548,172737,self_focused_ub
upper_body_function-f3g1a_p5r1,p5,175392,177231,self_focused_ub
upper_body_function-f3g1a_p5r1,p5,179140,180382,self_focused_ub
upper_body_function-f3g1a_p5r1,p5,197855,200644,self_focused_ub
upper_body_function-f3g1a_p5r1,p5,203904,205396,self_focused_ub
upper_body_function-f3g1a_p5r1,p5,215750,216307,self_focused_ub
upper_body_function-f3g1a_p5r1,p5,227182,229007,self_focused_ub
upper_body_function-f3g1a_p5r1,p5,233454,234666,self_focused_ub
upper_body_function-f3g1a_p5r1,p5,236047,237052,self_focused_ub
upper_body_function-f3g1a_p5r1,p5,237483,238486,context_focused_ub
upper_body_function-f3g1a_p5r1,p5,241011,241594,self_focused_ub
head_face_function-f3g1a_p5r1,p5,0,2681,context_focused_hf
head_face_function-f3g1a_p5r1,p5,3436,5232,context_focused_hf
head_face_function-f3g1a_p5r1,p5,27198,31847,context_focused_hf
head_face_function-f3g1a_p5r1,p5,52498,52999,self_focused_hf
head_face_function-f3g1a_p5r1,p5,65958,68479,context_focused_hf
head_face_function-f3g1a_p5r1,p5,68479,74793,context_focused_hf
head_face_function-f3g1a_p5r1,p5,74793,76298,context_focused_hf
head_face_function-f3g1a_p5r1,p5,76552,77236,context_focused_hf
head_face_function-f3g1a_p5r1,p5,104239,111089,context_focused_hf
head_face_function-f3g1a_p5r1,p5,111089,112390,context_focused_hf
head_face_function-f3g1a_p5r1,p5,114198,115357,context_focused_hf
head_face_function-f3g1a_p5r1,p5,143175,148474,context_focused_hf
head_face_function-f3g1a_p5r1,p5,148474,148953,context_focused_hf
head_face_function-f3g1a_p5r1,p5,148953,157914,context_focused_hf
head_face_function-f3g1a_p5r1,p5,157914,161537,context_focused_hf
head_face_function-f3g1a_p5r1,p5,163033,169952,context_focused_hf
head_face_function-f3g1a_p5r1,p5,178254,180457,context_focused_hf
head_face_function-f3g1a_p5r1,p5,187150,189897,self_focused_hf
head_face_function-f3g1a_p5r1,p5,189897,191494,context_focused_hf
head_face_function-f3g1a_p5r1,p5,198098,200729,self_focused_hf
head_face_function-f3g1a_p5r1,p5,200729,201231,self_focused_hf
head_face_function-f3g1a_p5r1,p5,206859,207431,context_focused_hf
head_face_function-f3g1a_p5r1,p5,210757,211636,self_focused_hf
head_face_function-f3g1a_p5r1,p5,236531,245296,context_focused_hf
head_face_function-f3g1a_p5r1,p5,245296,246557,context_focused_hf
head_face_function-f3g1a_p5r1,p5,251545,257730,context_focused_hf
head_face_function-f3g1a_p5r1,p5,257730,258818,context_focused_hf
upper_body_mu-f3g1a_p5r1,p5,0,3378,mu_hand_right
upper_body_mu-f3g1a_p5r1,p5,4060,5350,mu_hand_right
upper_body_mu-f3g1a_p5r1,p5,14227,18431,mu_hand_right
upper_body_mu-f3g1a_p5r1,p5,27421,30448,mu_ub_limb_both
upper_body_mu-f3g1a_p5r1,p5,32481,37305,mu_hand_left
upper_body_mu-f3g1a_p5r1,p5,65992,69298,mu_hand_left
upper_body_mu-f3g1a_p5r1,p5,69393,69960,mu_hands_both
upper_body_mu-f3g1a_p5r1,p5,114595,115235,mu_hand_left
upper_body_mu-f3g1a_p5r1,p5,140565,144647,mu_hand_left
upper_body_mu-f3g1a_p5r1,p5,148856,150182,mu_hand_left
upper_body_mu-f3g1a_p5r1,p5,151369,159024,mu_hand_left
upper_body_mu-f3g1a_p5r1,p5,159024,162293,mu_hands_both
upper_body_mu-f3g1a_p5r1,p5,162293,169548,mu_ub_all
upper_body_mu-f3g1a_p5r1,p5,169548,172737,mu_hand_right
upper_body_mu-f3g1a_p5r1,p5,175392,177231,mu_hand_right
upper_body_mu-f3g1a_p5r1,p5,179140,180382,mu_ub_limb_right
upper_body_mu-f3g1a_p5r1,p5,197855,200644,mu_ub_all
upper_body_mu-f3g1a_p5r1,p5,203904,205396,mu_hand_right
upper_body_mu-f3g1a_p5r1,p5,215750,216307,mu_hand_left
upper_body_mu-f3g1a_p5r1,p5,227182,229007,mu_hand_right
upper_body_mu-f3g1a_p5r1,p5,233454,234666,mu_hand_right
upper_body_mu-f3g1a_p5r1,p5,236047,237052,mu_hand_right
upper_body_mu-f3g1a_p5r1,p5,237483,238486,mu_torso_lat
upper_body_mu-f3g1a_p5r1,p5,241011,241594,mu_hand_right
gaze_points-f3g1a_p5r1,p5,0,109,gaze_free_fixation
gaze_points-f3g1a_p5r1,p5,109,1163,gaze_to_gameT
gaze_points-f3g1a_p5r1,p5,1163,3570,gaze_free_fixation
gaze_points-f3g1a_p5r1,p5,3570,4199,gaze_free_fixation
gaze_points-f3g1a_p5r1,p5,4199,5588,gaze_to_gameT
gaze_points-f3g1a_p5r1,p5,5588,6056,gaze_to_p2
gaze_points-f3g1a_p5r1,p5,6056,6272,gaze_to_gameT
gaze_points-f3g1a_p5r1,p5,6272,6712,gaze_to_p2
gaze_points-f3g1a_p5r1,p5,6712,7092,gaze_to_p1
gaze_points-f3g1a_p5r1,p5,7092,7268,gaze_to_p2
gaze_points-f3g1a_p5r1,p5,7268,7943,gaze_to_gameT
gaze_points-f3g1a_p5r1,p5,7943,8306,gaze_to_p2
gaze_points-f3g1a_p5r1,p5,8306,8843,gaze_to_p3
gaze_points-f3g1a_p5r1,p5,8843,27209,gaze_to_gameT
gaze_points-f3g1a_p5r1,p5,27209,32405,gaze_free_fixation
gaze_points-f3g1a_p5r1,p5,32405,33526,gaze_to_gameT
gaze_points-f3g1a_p5r1,p5,33526,34364,gaze_to_p2
gaze_points-f3g1a_p5r1,p5,34364,52410,gaze_free_fixation
gaze_points-f3g1a_p5r1,p5,52410,55339,gaze_to_p5
gaze_points-f3g1a_p5r1,p5,55339,57023,gaze_to_gameT
gaze_points-f3g1a_p5r1,p5,57023,57455,gaze_to_p2
gaze_points-f3g1a_p5r1,p5,57455,62615,gaze_free_fixation
gaze_points-f3g1a_p5r1,p5,62615,63498,gaze_to_p2
gaze_points-f3g1a_p5r1,p5,63498,65903,gaze_free_fixation
gaze_points-f3g1a_p5r1,p5,65903,68596,gaze_to_p5
gaze_points-f3g1a_p5r1,p5,68596,74327,gaze_to_objT
gaze_points-f3g1a_p5r1,p5,74327,99503,gaze_to_p4
gaze_points-f3g1a_p5r1,p5,99503,99891,gaze_to_p2
gaze_points-f3g1a_p5r1,p5,99891,104218,gaze_to_p4
gaze_points-f3g1a_p5r1,p5,104218,111164,gaze_to_objT
gaze_points-f3g1a_p5r1,p5,111164,114276,gaze_to_p4
gaze_points-f3g1a_p5r1,p5,114276,120104,gaze_to_p6
gaze_points-f3g1a_p5r1,p5,120104,135738,gaze_to_gameT
gaze_points-f3g1a_p5r1,p5,135738,137203,gaze_to_p6
gaze_points-f3g1a_p5r1,p5,137203,138552,gaze_to_gameT
gaze_points-f3g1a_p5r1,p5,138552,139308,gaze_to_p6
gaze_points-f3g1a_p5r1,p5,139308,139918,gaze_to_gameT
gaze_points-f3g1a_p5r1,p5,139918,140538,gaze_to_p6
gaze_points-f3g1a_p5r1,p5,140538,140804,gaze_free_fixation
gaze_points-f3g1a_p5r1,p5,140804,143227,gaze_to_gameT
gaze_points-f3g1a_p5r1,p5,143227,148530,gaze_to_objT
gaze_points-f3g1a_p5r1,p5,148530,150903,gaze_to_gameT
gaze_points-f3g1a_p5r1,p5,150903,152058,gaze_to_p6
gaze_points-f3g1a_p5r1,p5,152058,154592,gaze_free_fixation
gaze_points-f3g1a_p5r1,p5,154592,156034,gaze_to_p3
gaze_points-f3g1a_p5r1,p5,156034,156284,gaze_to_p6
gaze_points-f3g1a_p5r1,p5,156284,158687,gaze_free_fixation
gaze_points-f3g1a_p5r1,p5,158687,159264,gaze_to_p6
gaze_points-f3g1a_p5r1,p5,159264,160354,gaze_to_gameT
gaze_points-f3g1a_p5r1,p5,160354,161450,gaze_to_p3
gaze_points-f3g1a_p5r1,p5,161450,163040,gaze_to_gameT
gaze_points-f3g1a_p5r1,p5,163040,163795,gaze_to_p2
gaze_points-f3g1a_p5r1,p5,163795,164184,gaze_free_fixation
gaze_points-f3g1a_p5r1,p5,164184,164845,gaze_to_p5
gaze_points-f3g1a_p5r1,p5,164845,165994,gaze_to_gameT
gaze_points-f3g1a_p5r1,p5,165994,167787,gaze_down
gaze_points-f3g1a_p5r1,p5,167787,172193,gaze_to_gameT
gaze_points-f3g1a_p5r1,p5,172193,173478,gaze_down
gaze_points-f3g1a_p5r1,p5,173478,183863,gaze_to_gameT
gaze_points-f3g1a_p5r1,p5,183863,184211,gaze_to_p2
gaze_points-f3g1a_p5r1,p5,184211,187378,gaze_to_gameT
gaze_points-f3g1a_p5r1,p5,187378,187845,gaze_free_fixation
gaze_points-f3g1a_p5r1,p5,187845,197569,gaze_to_gameT
gaze_points-f3g1a_p5r1,p5,197569,197930,gaze_to_p3
gaze_points-f3g1a_p5r1,p5,197930,198019,gaze_to_p2
gaze_points-f3g1a_p5r1,p5,198019,206868,gaze_to_gameT
gaze_points-f3g1a_p5r1,p5,206868,207453,gaze_to_p6
gaze_points-f3g1a_p5r1,p5,207453,211714,gaze_to_gameT
gaze_points-f3g1a_p5r1,p5,211714,212254,gaze_down
gaze_points-f3g1a_p5r1,p5,212254,224665,gaze_to_gameT
gaze_points-f3g1a_p5r1,p5,224665,233967,gaze_down
gaze_points-f3g1a_p5r1,p5,233967,236611,gaze_to_gameT
gaze_points-f3g1a_p5r1,p5,236611,245417,gaze_to_objT
gaze_points-f3g1a_p5r1,p5,245417,251684,gaze_to_gameT
gaze_points-f3g1a_p5r1,p5,251684,257732,gaze_to_objT
gaze_points-f3g1a_p5r1,p5,257732,261640,gaze_to_gameT
gaze_points-f3g1a_p5r1,p5,261640,261997,gaze_down
gaze_points-f3g1a_p5r1,p5,261997,269537,gaze_to_objT
gaze_points-f3g1a_p5r1,p5,269537,360001,gaze_to_gameT
lower_body_function-f3g1a_p6r1,p6,7632,8776,self-focused_lb
lower_body_function-f3g1a_p6r1,p6,15128,17555,self-focused_lb
lower_body_function-f3g1a_p6r1,p6,18308,18658,self-focused_lb
lower_body_function-f3g1a_p6r1,p6,66439,67065,self-focused_lb
lower_body_function-f3g1a_p6r1,p6,190200,191108,self-focused_lb
lower_body_function-f3g1a_p6r1,p6,231106,231578,self-focused_lb
lower_body_mu-f3g1a_p6r1,p6,7632,8776,mu_foot_left
lower_body_mu-f3g1a_p6r1,p6,15128,17555,mu_foot_left
lower_body_mu-f3g1a_p6r1,p6,18308,18658,mu_leg_left
lower_body_mu-f3g1a_p6r1,p6,66439,67065,mu_foot_left
lower_body_mu-f3g1a_p6r1,p6,190200,191108,mu_foot_left
lower_body_mu-f3g1a_p6r1,p6,231106,231578,mu_foot_left
upper_body_mu-f3g1a_p6r1,p6,13527,13867,mu_hand_right
upper_body_mu-f3g1a_p6r1,p6,13891,14952,mu_ub_limb_both
upper_body_mu-f3g1a_p6r1,p6,14952,17078,mu_hand_right
upper_body_mu-f3g1a_p6r1,p6,17078,19509,mu_hand_right
upper_body_mu-f3g1a_p6r1,p6,19509,21121,mu_hand_right
upper_body_mu-f3g1a_p6r1,p6,24285,25928,mu_hand_right
upper_body_mu-f3g1a_p6r1,p6,25928,27172,mu_hand_left
upper_body_mu-f3g1a_p6r1,p6,27172,28113,mu_hand_right
upper_body_mu-f3g1a_p6r1,p6,28113,31033,mu_hand_left
upper_body_mu-f3g1a_p6r1,p6,31033,32541,mu_hand_right
upper_body_mu-f3g1a_p6r1,p6,63189,67832,mu_ub_all
upper_body_mu-f3g1a_p6r1,p6,190477,191257,mu_hand_left
upper_body_mu-f3g1a_p6r1,p6,191433,192115,mu_hand_left
upper_body_mu-f3g1a_p6r1,p6,192271,192911,mu_hand_left
upper_body_mu-f3g1a_p6r1,p6,195419,196256,mu_hand_left
upper_body_mu-f3g1a_p6r1,p6,197679,198967,mu_hand_left
upper_body_mu-f3g1a_p6r1,p6,199656,202977,mu_hand_left
upper_body_mu-f3g1a_p6r1,p6,202997,204719,mu_torso_back
upper_body_mu-f3g1a_p6r1,p6,204877,205324,mu_torso_back
upper_body_mu-f3g1a_p6r1,p6,219621,221398,mu_hand_left
upper_body_mu-f3g1a_p6r1,p6,221630,222291,mu_hand_left
upper_body_mu-f3g1a_p6r1,p6,223866,224351,mu_hand_left
upper_body_mu-f3g1a_p6r1,p6,224913,225877,mu_hand_left
upper_body_mu-f3g1a_p6r1,p6,228267,228821,mu_hand_left
upper_body_mu-f3g1a_p6r1,p6,318536,322783,mu_torso_fwrd
location-f3g1a_p6r1,p6,0,94498,sit_full
location-f3g1a_p6r1,p6,94498,112418,goTo_prep
location-f3g1a_p6r1,p6,112418,116727,goTo_gameT
location-f3g1a_p6r1,p6,116728,178290,stand_at_gameT
location-f3g1a_p6r1,p6,178290,181223,goTo_6
location-f3g1a_p6r1,p6,181223,184990,settling
location-f3g1a_p6r1,p6,184990,205325,sit_full
location-f3g1a_p6r1,p6,205325,207052,goTo_prep
location-f3g1a_p6r1,p6,207052,208614,goTo_gameT
location-f3g1a_p6r1,p6,208614,211197,stand_at_gameT
location-f3g1a_p6r1,p6,211197,213012,goTo_6
location-f3g1a_p6r1,p6,213012,217423,settling
location-f3g1a_p6r1,p6,217423,234277,sit_full
location-f3g1a_p6r1,p6,234277,235767,goTo_prep
location-f3g1a_p6r1,p6,235767,238001,goTo_gameT
location-f3g1a_p6r1,p6,238001,239918,stand_at_gameT
location-f3g1a_p6r1,p6,239918,242187,goTo_6
location-f3g1a_p6r1,p6,242187,245532,settling
location-f3g1a_p6r1,p6,245532,260690,sit_full
location-f3g1a_p6r1,p6,260690,262297,goTo_prep
location-f3g1a_p6r1,p6,262297,262497,sit_full
location-f3g1a_p6r1,p6,262497,263711,goTo_prep
location-f3g1a_p6r1,p6,263715,265656,goTo_gameT
location-f3g1a_p6r1,p6,265657,268511,stand_at_gameT
location-f3g1a_p6r1,p6,268511,270509,goTo_6
location-f3g1a_p6r1,p6,270509,274979,settling
location-f3g1a_p6r1,p6,274979,286378,sit_full
location-f3g1a_p6r1,p6,286378,288593,goTo_prep
location-f3g1a_p6r1,p6,288593,291899,goTo_gameT
location-f3g1a_p6r1,p6,291899,296715,stand_at_gameT
location-f3g1a_p6r1,p6,296715,298878,goTo_6
location-f3g1a_p6r1,p6,298878,304152,settling
location-f3g1a_p6r1,p6,304152,322786,sit_part
location-f3g1a_p6r1,p6,322786,325126,goTo_prep
location-f3g1a_p6r1,p6,325126,327108,goTo_gameT
location-f3g1a_p6r1,p6,327108,328663,stand_at_gameT
location-f3g1a_p6r1,p6,328663,330888,goTo_6
location-f3g1a_p6r1,p6,330888,335659,settling
location-f3g1a_p6r1,p6,335659,352078,sit_part
location-f3g1a_p6r1,p6,352078,353718,goTo_prep
location-f3g1a_p6r1,p6,353718,355235,goTo_gameT
location-f3g1a_p6r1,p6,355235,357688,stand_at_gameT
location-f3g1a_p6r1,p6,357688,360003,goTo_6
head_face_mu-f3g1a_p6r1,p6,0,1819,mu_mouth
head_face_mu-f3g1a_p6r1,p6,2675,7739,mu_head
head_face_mu-f3g1a_p6r1,p6,7739,9898,mu_mouth
head_face_mu-f3g1a_p6r1,p6,14834,17877,mu_face
head_face_mu-f3g1a_p6r1,p6,18296,18997,mu_mouth
head_face_mu-f3g1a_p6r1,p6,18997,19541,mu_mouth
head_face_mu-f3g1a_p6r1,p6,22480,25015,mu_mouth
head_face_mu-f3g1a_p6r1,p6,29635,32458,mu_head
head_face_mu-f3g1a_p6r1,p6,48500,49095,mu_mouth
head_face_mu-f3g1a_p6r1,p6,63517,66880,mu_head
head_face_mu-f3g1a_p6r1,p6,66880,67621,mu_mouth
head_face_mu-f3g1a_p6r1,p6,68951,70892,mu_head
head_face_mu-f3g1a_p6r1,p6,74440,75460,mu_head
head_face_mu-f3g1a_p6r1,p6,75880,78220,mu_head
head_face_mu-f3g1a_p6r1,p6,80851,83447,mu_mouth_head
head_face_mu-f3g1a_p6r1,p6,350697,351151,mu_head
gaze_points-f3g1a_p6r1,p6,0,2798,gaze_to_gameT
gaze_points-f3g1a_p6r1,p6,2798,6234,gaze_down
gaze_points-f3g1a_p6r1,p6,6234,47587,gaze_to_gameT
gaze_points-f3g1a_p6r1,p6,47587,48532,gaze_to_p3
gaze_points-f3g1a_p6r1,p6,48532,49804,gaze_to_gameT
gaze_points-f3g1a_p6r1,p6,49804,50453,gaze_to_p3
gaze_points-f3g1a_p6r1,p6,50453,53714,gaze_to_gameT
gaze_points-f3g1a_p6r1,p6,53714,54230,gaze_down
gaze_points-f3g1a_p6r1,p6,54230,63591,gaze_to_gameT
gaze_points-f3g1a_p6r1,p6,63591,65071,gaze_to_p5
gaze_points-f3g1a_p6r1,p6,65071,69044,gaze_to_gameT
gaze_points-f3g1a_p6r1,p6,69044,70491,gaze_to_p4
gaze_points-f3g1a_p6r1,p6,70491,70830,gaze_to_objT
gaze_points-f3g1a_p6r1,p6,70830,95365,gaze_to_p4
gaze_points-f3g1a_p6r1,p6,95365,97253,gaze_free_fixation
gaze_points-f3g1a_p6r1,p6,97253,100168,gaze_to_gameT
gaze_points-f3g1a_p6r1,p6,100168,106136,gaze_to_object_other
gaze_points-f3g1a_p6r1,p6,106136,106696,gaze_to_p4
gaze_points-f3g1a_p6r1,p6,106696,112565,gaze_to_object_other
gaze_points-f3g1a_p6r1,p6,112565,113471,gaze_to_gameT
gaze_points-f3g1a_p6r1,p6,113471,179993,gaze_to_object_other
gaze_points-f3g1a_p6r1,p6,179993,181431,gaze_to_home
gaze_points-f3g1a_p6r1,p6,181431,212967,gaze_to_gameT
gaze_points-f3g1a_p6r1,p6,212967,213695,gaze_to_home
gaze_points-f3g1a_p6r1,p6,213695,240550,gaze_to_gameT
gaze_points-f3g1a_p6r1,p6,240550,242174,gaze_to_home
gaze_points-f3g1a_p6r1,p6,242174,243449,gaze_free_fixation
gaze_points-f3g1a_p6r1,p6,243449,269129,gaze_to_gameT
gaze_points-f3g1a_p6r1,p6,269129,270446,gaze_down
gaze_points-f3g1a_p6r1,p6,270446,271408,gaze_to_p5
gaze_points-f3g1a_p6r1,p6,271408,297436,gaze_to_gameT
gaze_points-f3g1a_p6r1,p6,297436,297794,gaze_down
gaze_points-f3g1a_p6r1,p6,297794,298964,gaze_to_home
gaze_points-f3g1a_p6r1,p6,298964,306473,gaze_to_gameT
gaze_points-f3g1a_p6r1,p6,306473,307373,gaze_to_p5
gaze_points-f3g1a_p6r1,p6,307373,329628,gaze_to_gameT
gaze_points-f3g1a_p6r1,p6,329628,329909,gaze_down
gaze_points-f3g1a_p6r1,p6,329909,330979,gaze_to_home
gaze_points-f3g1a_p6r1,p6,330979,331711,gaze_free_fixation
gaze_points-f3g1a_p6r1,p6,331711,350632,gaze_to_gameT
gaze_points-f3g1a_p6r1,p6,350632,352204,gaze_to_p2
gaze_points-f3g1a_p6r1,p6,352204,359228,gaze_to_gameT
gaze_points-f3g1a_p6r1,p6,359228,359994,gaze_to_home
head_face_function-f3g1a_p6r1,p6,0,1819,self_focused_hf
head_face_function-f3g1a_p6r1,p6,2675,7739,self_focused_hf
head_face_function-f3g1a_p6r1,p6,7739,9898,self_focused_hf
head_face_function-f3g1a_p6r1,p6,14834,17877,self_focused_hf
head_face_function-f3g1a_p6r1,p6,18296,18997,self_focused_hf
head_face_function-f3g1a_p6r1,p6,18997,19541,self_focused_hf
head_face_function-f3g1a_p6r1,p6,22480,25015,self_focused_hf
head_face_function-f3g1a_p6r1,p6,29635,32458,self_focused_hf
head_face_function-f3g1a_p6r1,p6,48500,49095,self_focused_hf
head_face_function-f3g1a_p6r1,p6,63517,66880,self_focused_hf
head_face_function-f3g1a_p6r1,p6,66880,67621,self_focused_hf
head_face_function-f3g1a_p6r1,p6,68951,70892,context_focused_hf
head_face_function-f3g1a_p6r1,p6,74440,75460,context_focused_hf
head_face_function-f3g1a_p6r1,p6,75880,78220,context_focused_hf
head_face_function-f3g1a_p6r1,p6,80851,83447,self_focused_hf
head_face_function-f3g1a_p6r1,p6,350697,351151,context_focused_hf
game_action-f3g1a_p6r1,p6,94498,184900,game_action
game_action-f3g1a_p6r1,p6,205325,217459,game_action
game_action-f3g1a_p6r1,p6,234277,245558,game_action
game_action-f3g1a_p6r1,p6,260690,274999,game_action
game_action-f3g1a_p6r1,p6,286378,304153,game_action
game_action-f3g1a_p6r1,p6,322786,335672,game_action
game_action-f3g1a_p6r1,p6,352104,359990,game_action
upper_body_function-f3g1a_p6r1,p6,13527,13867,self_focused_ub
upper_body_function-f3g1a_p6r1,p6,13891,14952,self_focused_ub
upper_body_function-f3g1a_p6r1,p6,14952,17078,self_focused_ub
upper_body_function-f3g1a_p6r1,p6,17078,19509,self_focused_ub
upper_body_function-f3g1a_p6r1,p6,19509,21121,self_focused_ub
upper_body_function-f3g1a_p6r1,p6,24285,25928,self_focused_ub
upper_body_function-f3g1a_p6r1,p6,25928,27172,self_focused_ub
upper_body_function-f3g1a_p6r1,p6,27172,28113,context_focused_ub
upper_body_function-f3g1a_p6r1,p6,28113,31033,self_focused_ub
upper_body_function-f3g1a_p6r1,p6,31033,32541,self_focused_ub
upper_body_function-f3g1a_p6r1,p6,63189,67832,self_focused_ub
upper_body_function-f3g1a_p6r1,p6,190477,191257,self_focused_ub
upper_body_function-f3g1a_p6r1,p6,191433,192115,self_focused_ub
upper_body_function-f3g1a_p6r1,p6,192271,192911,self_focused_ub
upper_body_function-f3g1a_p6r1,p6,195419,196256,self_focused_ub
upper_body_function-f3g1a_p6r1,p6,197679,198967,self_focused_ub
upper_body_function-f3g1a_p6r1,p6,199656,202977,self_focused_ub
upper_body_function-f3g1a_p6r1,p6,202997,204719,self_focused_ub
upper_body_function-f3g1a_p6r1,p6,204877,205324,self_focused_ub
upper_body_function-f3g1a_p6r1,p6,219621,221398,self_focused_ub
upper_body_function-f3g1a_p6r1,p6,221630,222291,self_focused_ub
upper_body_function-f3g1a_p6r1,p6,223866,224351,self_focused_ub
upper_body_function-f3g1a_p6r1,p6,224913,225877,self_focused_ub
upper_body_function-f3g1a_p6r1,p6,228267,228821,self_focused_ub
upper_body_function-f3g1a_p6r1,p6,318536,322783,self_focused_ub
