label,function,tier,group,onset_s,offset_s,duration_s,data,game,game_part,participant,rater,offset_ms,onset_ms,duration_ms
gaze_down,no,gaze,novice,3.716,5.356,1.64,f1g2a_p1r1,2a,start,p1,r2,5356,3716,1640
gaze_free,no,gaze,novice,6.312,7.753,1.441,f1g2a_p1r1,2a,start,p1,r2,7753,6312,1441
gaze_to_gameT,no,gaze,novice,0,0.18,0.18,f1g2a_p1r1,2a,start,p1,r2,180,0,180
gaze_to_gameT,no,gaze,novice,10.517,11.257,0.74,f1g2a_p1r1,2a,start,p1,r2,11257,10517,740
gaze_to_gameT,no,gaze,novice,12.697,14.709,2.012,f1g2a_p1r1,2a,start,p1,r2,14709,12697,2012
gaze_to_gameT,no,gaze,novice,15.409,15.829,0.42,f1g2a_p1r1,2a,start,p1,r2,15829,15409,420
gaze_to_gameT,no,gaze,novice,63.923,67.112,3.189,f1g2a_p1r1,2a,start,p1,r2,67112,63923,3189
gaze_to_objT,no,gaze,novice,5.356,6.312,0.956,f1g2a_p1r1,2a,start,p1,r2,6312,5356,956
gaze_to_objT,no,gaze,novice,7.753,8.114,0.361,f1g2a_p1r1,2a,start,p1,r2,8114,7753,361
gaze_to_objT,no,gaze,novice,15.829,51.88,36.051,f1g2a_p1r1,2a,start,p1,r2,51880,15829,36051
gaze_to_objT,no,gaze,novice,52.4,54.218,1.818,f1g2a_p1r1,2a,start,p1,r2,54218,52400,1818
gaze_to_objT,no,gaze,novice,57.798,60.889,3.091,f1g2a_p1r1,2a,start,p1,r2,60889,57798,3091
gaze_to_objT,no,gaze,novice,67.112,83.002,15.89,f1g2a_p1r1,2a,start,p1,r2,83002,67112,15890
gaze_to_p5,no,gaze,novice,2.691,3.076,0.385,f1g2a_p1r1,2a,start,p1,r2,3076,2691,385
gaze_to_p5,no,gaze,novice,3.076,3.716,0.64,f1g2a_p1r1,2a,start,p1,r2,3716,3076,640
gaze_to_p5,no,gaze,novice,8.114,10.517,2.403,f1g2a_p1r1,2a,start,p1,r2,10517,8114,2403
gaze_to_p5,no,gaze,novice,11.257,12.697,1.44,f1g2a_p1r1,2a,start,p1,r2,12697,11257,1440
gaze_to_p5,no,gaze,novice,14.709,15.409,0.7,f1g2a_p1r1,2a,start,p1,r2,15409,14709,700
gaze_to_p6,no,gaze,novice,0.18,2.691,2.511,f1g2a_p1r1,2a,start,p1,r2,2691,180,2511
gaze_to_p6,no,gaze,novice,51.88,52.4,0.52,f1g2a_p1r1,2a,start,p1,r2,52400,51880,520
gaze_to_p6,no,gaze,novice,54.218,57.798,3.58,f1g2a_p1r1,2a,start,p1,r2,57798,54218,3580
gaze_to_p6,no,gaze,novice,60.889,63.923,3.034,f1g2a_p1r1,2a,start,p1,r2,63923,60889,3034
mu_arm_left,self_focused_ub,upper_body,novice,29.828,30.558,0.73,f1g2a_p1r1,2a,start,p1,r1,30558,29828,730
mu_eyes_brows,self_focused_hf,head_face,novice,2.14,2.7,0.56,f1g2a_p1r1,2a,start,p1,r2,2700,2140,560
mu_eyes_brows,self_focused_hf,head_face,novice,39.537,39.916,0.379,f1g2a_p1r1,2a,start,p1,r2,39916,39537,379
mu_hand_left,self_focused_ub,upper_body,novice,5.468,7.824,2.356,f1g2a_p1r1,2a,start,p1,r1,7824,5468,2356
mu_hand_left,self_focused_ub,upper_body,novice,66.84,69.519,2.679,f1g2a_p1r1,2a,start,p1,r1,69519,66840,2679
mu_hand_left,self_focused_ub,upper_body,novice,77.534,78.388,0.854,f1g2a_p1r1,2a,start,p1,r1,78388,77534,854
mu_hand_right,self_focused_ub,upper_body,novice,15.485,20.542,5.057,f1g2a_p1r1,2a,start,p1,r1,20542,15485,5057
mu_hand_right,self_focused_ub,upper_body,novice,32.315,35.007,2.692,f1g2a_p1r1,2a,start,p1,r1,35007,32315,2692
mu_head,self_focused_hf,head_face,novice,4.482,5.302,0.82,f1g2a_p1r1,2a,start,p1,r2,5302,4482,820
mu_head,context_focused_hf,head_face,novice,5.302,6.662,1.36,f1g2a_p1r1,2a,start,p1,r2,6662,5302,1360
mu_head,context_focused_hf,head_face,novice,8.19,11.049,2.859,f1g2a_p1r1,2a,start,p1,r2,11049,8190,2859
mu_head,context_focused_hf,head_face,novice,15.803,16.591,0.788,f1g2a_p1r1,2a,start,p1,r2,16591,15803,788
mu_head,context_focused_hf,head_face,novice,19.851,20.348,0.497,f1g2a_p1r1,2a,start,p1,r2,20348,19851,497
mu_head,context_focused_hf,head_face,novice,21.244,22.454,1.21,f1g2a_p1r1,2a,start,p1,r2,22454,21244,1210
mu_head,context_focused_hf,head_face,novice,30.193,30.84,0.647,f1g2a_p1r1,2a,start,p1,r2,30840,30193,647
mu_head,context_focused_hf,head_face,novice,60.977,61.587,0.61,f1g2a_p1r1,2a,start,p1,r2,61587,60977,610
mu_head,context_focused_hf,head_face,novice,65.399,67.081,1.682,f1g2a_p1r1,2a,start,p1,r2,67081,65399,1682
mu_head,context_focused_hf,head_face,novice,67.081,69.681,2.6,f1g2a_p1r1,2a,start,p1,r2,69681,67081,2600
mu_ub_all,self_focused_ub,upper_body,novice,7.824,8.617,0.793,f1g2a_p1r1,2a,start,p1,r1,8617,7824,793
mu_ub_limb_both,self_focused_ub,upper_body,novice,4.223,5.468,1.245,f1g2a_p1r1,2a,start,p1,r1,5468,4223,1245
mu_ub_limb_left,self_focused_ub,upper_body,novice,65.016,66.84,1.824,f1g2a_p1r1,2a,start,p1,r1,66840,65016,1824
sit_full,no,location,novice,0,83,83,f1g2a_p1r1,2a,start,p1,r1,83000,0,83000
game_action,no,game_action,novice,70.397,83,12.603,f1g2a_p2r1,2a,start,p2,r1,70397,83000,12603
gaze_down,no,gaze,novice,5.822,6.182,0.36,f1g2a_p2r1,2a,start,p2,r2,5822,6182,360
gaze_free,no,gaze,novice,1.319,1.558,0.239,f1g2a_p2r1,2a,start,p2,r2,1319,1558,239
gaze_to_gameT,no,gaze,novice,1.558,2.358,0.8,f1g2a_p2r1,2a,start,p2,r2,1558,2358,800
gaze_to_gameT,no,gaze,novice,3.198,5.404,2.206,f1g2a_p2r1,2a,start,p2,r2,3198,5404,2206
gaze_to_gameT,no,gaze,novice,10.147,11.24,1.093,f1g2a_p2r1,2a,start,p2,r2,10147,11240,1093
gaze_to_gameT,no,gaze,novice,12.72,26.655,13.935,f1g2a_p2r1,2a,start,p2,r2,12720,26655,13935
gaze_to_gameT,no,gaze,novice,37.722,41.908,4.186,f1g2a_p2r1,2a,start,p2,r2,37722,41908,4186
gaze_to_gameT,no,gaze,novice,57.359,59.801,2.442,f1g2a_p2r1,2a,start,p2,r2,57359,59801,2442
gaze_to_gameT,no,gaze,novice,63.892,66.979,3.087,f1g2a_p2r1,2a,start,p2,r2,63892,66979,3087
gaze_to_gameT,no,gaze,novice,73.194,74.297,1.103,f1g2a_p2r1,2a,start,p2,r2,73194,74297,1103
gaze_to_objT,no,gaze,novice,6.182,8.087,1.905,f1g2a_p2r1,2a,start,p2,r2,6182,8087,1905
gaze_to_objT,no,gaze,novice,26.655,30.552,3.897,f1g2a_p2r1,2a,start,p2,r2,26655,30552,3897
gaze_to_objT,no,gaze,novice,31.006,31.746,0.74,f1g2a_p2r1,2a,start,p2,r2,31006,31746,740
gaze_to_objT,no,gaze,novice,34.696,37.722,3.026,f1g2a_p2r1,2a,start,p2,r2,34696,37722,3026
gaze_to_objT,no,gaze,novice,44.941,47.341,2.4,f1g2a_p2r1,2a,start,p2,r2,44941,47341,2400
gaze_to_objT,no,gaze,novice,52.01,54.039,2.029,f1g2a_p2r1,2a,start,p2,r2,52010,54039,2029
gaze_to_objT,no,gaze,novice,66.979,73.194,6.215,f1g2a_p2r1,2a,start,p2,r2,66979,73194,6215
gaze_to_objT,no,gaze,novice,74.297,83.002,8.705,f1g2a_p2r1,2a,start,p2,r2,74297,83002,8705
gaze_to_p1,no,gaze,novice,1.002,1.319,0.317,f1g2a_p2r1,2a,start,p2,r2,1002,1319,317
gaze_to_p4,no,gaze,novice,0,0.16,0.16,f1g2a_p2r1,2a,start,p2,r2,0,160,160
gaze_to_p4,no,gaze,novice,48.641,49.301,0.66,f1g2a_p2r1,2a,start,p2,r2,48641,49301,660
gaze_to_p5,no,gaze,novice,0.16,0.378,0.218,f1g2a_p2r1,2a,start,p2,r2,160,378,218
gaze_to_p5,no,gaze,novice,2.358,3.198,0.84,f1g2a_p2r1,2a,start,p2,r2,2358,3198,840
gaze_to_p5,no,gaze,novice,5.404,5.822,0.418,f1g2a_p2r1,2a,start,p2,r2,5404,5822,418
gaze_to_p5,no,gaze,novice,8.087,8.887,0.8,f1g2a_p2r1,2a,start,p2,r2,8087,8887,800
gaze_to_p5,no,gaze,novice,9.307,10.147,0.84,f1g2a_p2r1,2a,start,p2,r2,9307,10147,840
gaze_to_p5,no,gaze,novice,11.24,12.72,1.48,f1g2a_p2r1,2a,start,p2,r2,11240,12720,1480
gaze_to_p6,no,gaze,novice,0.378,1.002,0.624,f1g2a_p2r1,2a,start,p2,r2,378,1002,624
gaze_to_p6,no,gaze,novice,8.887,9.307,0.42,f1g2a_p2r1,2a,start,p2,r2,8887,9307,420
gaze_to_p6,no,gaze,novice,30.552,31.006,0.454,f1g2a_p2r1,2a,start,p2,r2,30552,31006,454
gaze_to_p6,no,gaze,novice,31.746,34.696,2.95,f1g2a_p2r1,2a,start,p2,r2,31746,34696,2950
gaze_to_p6,no,gaze,novice,41.908,44.941,3.033,f1g2a_p2r1,2a,start,p2,r2,41908,44941,3033
gaze_to_p6,no,gaze,novice,47.341,48.641,1.3,f1g2a_p2r1,2a,start,p2,r2,47341,48641,1300
gaze_to_p6,no,gaze,novice,49.301,52.01,2.709,f1g2a_p2r1,2a,start,p2,r2,49301,52010,2709
gaze_to_p6,no,gaze,novice,54.039,57.359,3.32,f1g2a_p2r1,2a,start,p2,r2,54039,57359,3320
gaze_to_p6,no,gaze,novice,59.801,63.892,4.091,f1g2a_p2r1,2a,start,p2,r2,59801,63892,4091
goTo_objT,no,location,novice,72.846,77.956,5.11,f1g2a_p2r1,2a,start,p2,r1,72846,77956,5110
goTo_prep,no,location,novice,70.397,72.846,2.449,f1g2a_p2r1,2a,start,p2,r1,70397,72846,2449
mu_face,self_focused_hf,head_face,novice,43.501,44.381,0.88,f1g2a_p2r1,2a,start,p2,r2,43501,44381,880
mu_foot_right,self_focused_lb,lower_body,novice,5.55,11.854,6.304,f1g2a_p2r1,2a,start,p2,r1,5550,11854,6304
mu_foot_right,self_focused_lb,lower_body,novice,37.255,38.112,0.857,f1g2a_p2r1,2a,start,p2,r1,37255,38112,857
mu_hand_left,self_focused_ub,upper_body,novice,65.475,70.36,4.885,f1g2a_p2r1,2a,start,p2,r1,65475,70360,4885
mu_hands_both,self_focused_ub,upper_body,novice,0,2.055,2.055,f1g2a_p2r1,2a,start,p2,r1,0,2055,2055
mu_hands_both,self_focused_ub,upper_body,novice,2.055,3.991,1.936,f1g2a_p2r1,2a,start,p2,r1,2055,3991,1936
mu_hands_both,self_focused_ub,upper_body,novice,3.991,11.978,7.987,f1g2a_p2r1,2a,start,p2,r1,3991,11978,7987
mu_hands_both,self_focused_ub,upper_body,novice,13.022,14.369,1.347,f1g2a_p2r1,2a,start,p2,r1,13022,14369,1347
mu_hands_both,self_focused_ub,upper_body,novice,16.237,38.037,21.8,f1g2a_p2r1,2a,start,p2,r1,16237,38037,21800
mu_hands_both,self_focused_ub,upper_body,novice,38.037,56.954,18.917,f1g2a_p2r1,2a,start,p2,r1,38037,56954,18917
mu_hands_both,self_focused_ub,upper_body,novice,57.666,61.931,4.265,f1g2a_p2r1,2a,start,p2,r1,57666,61931,4265
mu_head,context_focused_hf,head_face,novice,0.27,1.93,1.66,f1g2a_p2r1,2a,start,p2,r2,270,1930,1660
mu_head,context_focused_hf,head_face,novice,5.087,6.62,1.533,f1g2a_p2r1,2a,start,p2,r2,5087,6620,1533
mu_head,context_focused_hf,head_face,novice,8.917,9.411,0.494,f1g2a_p2r1,2a,start,p2,r2,8917,9411,494
mu_head,context_focused_hf,head_face,novice,10.147,10.747,0.6,f1g2a_p2r1,2a,start,p2,r2,10147,10747,600
mu_head,context_focused_hf,head_face,novice,11.856,12.856,1,f1g2a_p2r1,2a,start,p2,r2,11856,12856,1000
mu_head,context_focused_hf,head_face,novice,26.481,27.287,0.806,f1g2a_p2r1,2a,start,p2,r2,26481,27287,806
mu_head,self_focused_hf,head_face,novice,36.788,37.663,0.875,f1g2a_p2r1,2a,start,p2,r2,36788,37663,875
mu_head,context_focused_hf,head_face,novice,37.663,38.232,0.569,f1g2a_p2r1,2a,start,p2,r2,37663,38232,569
mu_head,self_focused_hf,head_face,novice,38.232,38.672,0.44,f1g2a_p2r1,2a,start,p2,r2,38232,38672,440
mu_head,context_focused_hf,head_face,novice,57.163,58.023,0.86,f1g2a_p2r1,2a,start,p2,r2,57163,58023,860
mu_head,context_focused_hf,head_face,novice,60.405,61.651,1.246,f1g2a_p2r1,2a,start,p2,r2,60405,61651,1246
mu_head,context_focused_hf,head_face,novice,66.779,67.838,1.059,f1g2a_p2r1,2a,start,p2,r2,66779,67838,1059
mu_mouth,self_focused_hf,head_face,novice,13.543,15.578,2.035,f1g2a_p2r1,2a,start,p2,r2,13543,15578,2035
mu_mouth,self_focused_hf,head_face,novice,68.388,69.869,1.481,f1g2a_p2r1,2a,start,p2,r2,68388,69869,1481
mu_mouth_head,context_focused_hf,head_face,novice,42.426,43.501,1.075,f1g2a_p2r1,2a,start,p2,r2,42426,43501,1075
mu_mouth_head,context_focused_hf,head_face,novice,45.396,46.411,1.015,f1g2a_p2r1,2a,start,p2,r2,45396,46411,1015
mu_mouth_head,context_focused_hf,head_face,novice,47.556,50.122,2.566,f1g2a_p2r1,2a,start,p2,r2,47556,50122,2566
sit_full,no,location,novice,0,70.397,70.397,f1g2a_p2r1,2a,start,p2,r1,0,70397,70397
stand_at_objT,no,location,novice,77.956,83.006,5.05,f1g2a_p2r1,2a,start,p2,r1,77956,83006,5050
gaze_free,no,gaze,novice,45.061,45.75,0.689,f1g2a_p3r1,2a,start,p3,r2,45061,45750,689
gaze_free,no,gaze,novice,47.221,48.321,1.1,f1g2a_p3r1,2a,start,p3,r2,47221,48321,1100
gaze_free,no,gaze,novice,79.316,79.92,0.604,f1g2a_p3r1,2a,start,p3,r2,79316,79920,604
gaze_to_gameT,no,gaze,novice,0,1.079,1.079,f1g2a_p3r1,2a,start,p3,r2,0,1079,1079
gaze_to_gameT,no,gaze,novice,8.056,8.702,0.646,f1g2a_p3r1,2a,start,p3,r2,8056,8702,646
gaze_to_gameT,no,gaze,novice,12.749,14.991,2.242,f1g2a_p3r1,2a,start,p3,r2,12749,14991,2242
gaze_to_gameT,no,gaze,novice,16.904,18.064,1.16,f1g2a_p3r1,2a,start,p3,r2,16904,18064,1160
gaze_to_gameT,no,gaze,novice,18.064,20.299,2.235,f1g2a_p3r1,2a,start,p3,r2,18064,20299,2235
gaze_to_gameT,no,gaze,novice,25.077,27.266,2.189,f1g2a_p3r1,2a,start,p3,r2,25077,27266,2189
gaze_to_gameT,no,gaze,novice,36.465,37.611,1.146,f1g2a_p3r1,2a,start,p3,r2,36465,37611,1146
gaze_to_gameT,no,gaze,novice,40.34,44.222,3.882,f1g2a_p3r1,2a,start,p3,r2,40340,44222,3882
gaze_to_gameT,no,gaze,novice,57.28,58.572,1.292,f1g2a_p3r1,2a,start,p3,r2,57280,58572,1292
gaze_to_gameT,no,gaze,novice,63.843,65.959,2.116,f1g2a_p3r1,2a,start,p3,r2,63843,65959,2116
gaze_to_gameT,no,gaze,novice,66.918,77.327,10.409,f1g2a_p3r1,2a,start,p3,r2,66918,77327,10409
gaze_to_gameT,no,gaze,novice,78.716,79.316,0.6,f1g2a_p3r1,2a,start,p3,r2,78716,79316,600
gaze_to_gameT,no,gaze,novice,79.92,83,3.08,f1g2a_p3r1,2a,start,p3,r2,79920,83000,3080
gaze_to_objT,no,gaze,novice,1.079,3.816,2.737,f1g2a_p3r1,2a,start,p3,r2,1079,3816,2737
gaze_to_objT,no,gaze,novice,5.035,8.056,3.021,f1g2a_p3r1,2a,start,p3,r2,5035,8056,3021
gaze_to_objT,no,gaze,novice,14.991,16.904,1.913,f1g2a_p3r1,2a,start,p3,r2,14991,16904,1913
gaze_to_objT,no,gaze,novice,20.299,25.077,4.778,f1g2a_p3r1,2a,start,p3,r2,20299,25077,4778
gaze_to_objT,no,gaze,novice,27.266,30.984,3.718,f1g2a_p3r1,2a,start,p3,r2,27266,30984,3718
gaze_to_objT,no,gaze,novice,32.112,36.465,4.353,f1g2a_p3r1,2a,start,p3,r2,32112,36465,4353
gaze_to_objT,no,gaze,novice,37.611,40.34,2.729,f1g2a_p3r1,2a,start,p3,r2,37611,40340,2729
gaze_to_objT,no,gaze,novice,49.993,51.428,1.435,f1g2a_p3r1,2a,start,p3,r2,49993,51428,1435
gaze_to_objT,no,gaze,novice,65.959,66.918,0.959,f1g2a_p3r1,2a,start,p3,r2,65959,66918,959
gaze_to_p2,no,gaze,novice,48.321,49.993,1.672,f1g2a_p3r1,2a,start,p3,r2,48321,49993,1672
gaze_to_p2,no,gaze,novice,51.428,52.308,0.88,f1g2a_p3r1,2a,start,p3,r2,51428,52308,880
gaze_to_p2,no,gaze,novice,77.327,78.716,1.389,f1g2a_p3r1,2a,start,p3,r2,77327,78716,1389
gaze_to_p4,no,gaze,novice,8.702,9.347,0.645,f1g2a_p3r1,2a,start,p3,r2,8702,9347,645
gaze_to_p4,no,gaze,novice,44.222,45.061,0.839,f1g2a_p3r1,2a,start,p3,r2,44222,45061,839
gaze_to_p5,no,gaze,novice,3.816,5.035,1.219,f1g2a_p3r1,2a,start,p3,r2,3816,5035,1219
gaze_to_p5,no,gaze,novice,9.347,12.749,3.402,f1g2a_p3r1,2a,start,p3,r2,9347,12749,3402
gaze_to_p6,no,gaze,novice,30.984,32.112,1.128,f1g2a_p3r1,2a,start,p3,r2,30984,32112,1128
gaze_to_p6,no,gaze,novice,45.75,47.221,1.471,f1g2a_p3r1,2a,start,p3,r2,45750,47221,1471
gaze_to_p6,no,gaze,novice,52.308,57.28,4.972,f1g2a_p3r1,2a,start,p3,r2,52308,57280,4972
gaze_to_p6,no,gaze,novice,58.572,63.843,5.271,f1g2a_p3r1,2a,start,p3,r2,58572,63843,5271
mu_foot_left,self_focused_lb,lower_body,novice,0,0.489,0.489,f1g2a_p3r1,2a,start,p3,r1,0,489,489
mu_foot_left,self_focused_lb,lower_body,novice,49.719,51.486,1.767,f1g2a_p3r1,2a,start,p3,r1,49719,51486,1767
mu_foot_left,self_focused_lb,lower_body,novice,65.515,67.014,1.499,f1g2a_p3r1,2a,start,p3,r1,65515,67014,1499
mu_foot_right,self_focused_lb,lower_body,novice,3.47,4.109,0.639,f1g2a_p3r1,2a,start,p3,r1,3470,4109,639
mu_foot_right,self_focused_lb,lower_body,novice,5.673,6.086,0.413,f1g2a_p3r1,2a,start,p3,r1,5673,6086,413
mu_foot_right,self_focused_lb,lower_body,novice,15.057,15.326,0.269,f1g2a_p3r1,2a,start,p3,r1,15057,15326,269
mu_hand_right,self_focused_ub,upper_body,novice,2.596,3.431,0.835,f1g2a_p3r1,2a,start,p3,r1,2596,3431,835
mu_hand_right,self_focused_ub,upper_body,novice,27.918,32.708,4.79,f1g2a_p3r1,2a,start,p3,r1,27918,32708,4790
mu_head,self_focused_hf,head_face,novice,0,0.45,0.45,f1g2a_p3r1,2a,start,p3,r2,0,450,450
mu_head,self_focused_hf,head_face,novice,32.962,35.402,2.44,f1g2a_p3r1,2a,start,p3,r2,32962,35402,2440
mu_head,communication_focused_hf,head_face,novice,37.927,39.44,1.513,f1g2a_p3r1,2a,start,p3,r2,37927,39440,1513
mu_head,context_focused_hf,head_face,novice,48.428,48.908,0.48,f1g2a_p3r1,2a,start,p3,r2,48428,48908,480
mu_head,self_focused_hf,head_face,novice,49.928,50.568,0.64,f1g2a_p3r1,2a,start,p3,r2,49928,50568,640
mu_head,context_focused_hf,head_face,novice,51.494,52.178,0.684,f1g2a_p3r1,2a,start,p3,r2,51494,52178,684
mu_lb_all,self_focused_lb,lower_body,novice,0.489,2.05,1.561,f1g2a_p3r1,2a,start,p3,r1,489,2050,1561
mu_lb_all,self_focused_lb,lower_body,novice,34.894,36.286,1.392,f1g2a_p3r1,2a,start,p3,r1,34894,36286,1392
mu_mouth,self_focused_hf,head_face,novice,6.832,7.652,0.82,f1g2a_p3r1,2a,start,p3,r2,6832,7652,820
mu_mouth,self_focused_hf,head_face,novice,9.1,28.302,19.202,f1g2a_p3r1,2a,start,p3,r2,9100,28302,19202
mu_mouth,self_focused_hf,head_face,novice,42.517,42.953,0.436,f1g2a_p3r1,2a,start,p3,r2,42517,42953,436
mu_mouth,communication_focused_hf,head_face,novice,49.348,49.928,0.58,f1g2a_p3r1,2a,start,p3,r2,49348,49928,580
mu_mouth,self_focused_hf,head_face,novice,64.551,65.145,0.594,f1g2a_p3r1,2a,start,p3,r2,64551,65145,594
mu_mouth,self_focused_hf,head_face,novice,66.088,69.162,3.074,f1g2a_p3r1,2a,start,p3,r2,66088,69162,3074
mu_mouth,communication_focused_hf,head_face,novice,71.44,72.96,1.52,f1g2a_p3r1,2a,start,p3,r2,71440,72960,1520
mu_mouth,self_focused_hf,head_face,novice,82.726,83.006,0.28,f1g2a_p3r1,2a,start,p3,r2,82726,83006,280
mu_mouth_head,context_focused_hf,head_face,novice,0.45,1.905,1.455,f1g2a_p3r1,2a,start,p3,r2,450,1905,1455
mu_mouth_head,context_focused_hf,head_face,novice,1.905,4.279,2.374,f1g2a_p3r1,2a,start,p3,r2,1905,4279,2374
mu_mouth_head,context_focused_hf,head_face,novice,4.279,6.259,1.98,f1g2a_p3r1,2a,start,p3,r2,4279,6259,1980
mu_mouth_head,context_focused_hf,head_face,novice,7.652,9.1,1.448,f1g2a_p3r1,2a,start,p3,r2,7652,9100,1448
mu_mouth_head,self_focused_hf,head_face,novice,65.145,66.088,0.943,f1g2a_p3r1,2a,start,p3,r2,65145,66088,943
mu_ub_all,self_focused_ub,upper_body,novice,0,2.33,2.33,f1g2a_p3r1,2a,start,p3,r1,0,2330,2330
mu_ub_all,self_focused_ub,upper_body,novice,32.937,35.267,2.33,f1g2a_p3r1,2a,start,p3,r1,32937,35267,2330
settling,no,location,novice,0,2.32,2.32,f1g2a_p3r1,2a,start,p3,r1,0,2320,2320
settling,no,location,novice,32.935,36.286,3.351,f1g2a_p3r1,2a,start,p3,r1,32935,36286,3351
sit_full,no,location,novice,2.32,32.935,30.615,f1g2a_p3r1,2a,start,p3,r1,2320,32935,30615
sit_full,no,location,novice,36.286,83,46.714,f1g2a_p3r1,2a,start,p3,r1,36286,83000,46714
gaze_to_gameT,no,gaze,novice,0,1.395,1.395,f1g2a_p4r1,2a,start,p4,r1,0,1395,1395
gaze_to_gameT,no,gaze,novice,10.274,15.47,5.196,f1g2a_p4r1,2a,start,p4,r1,10274,15470,5196
gaze_to_gameT,no,gaze,novice,17.995,28.54,10.545,f1g2a_p4r1,2a,start,p4,r1,17995,28540,10545
gaze_to_gameT,no,gaze,novice,35.32,37.242,1.922,f1g2a_p4r1,2a,start,p4,r1,35320,37242,1922
gaze_to_gameT,no,gaze,novice,40.037,44.698,4.661,f1g2a_p4r1,2a,start,p4,r1,40037,44698,4661
gaze_to_gameT,no,gaze,novice,57.078,60.519,3.441,f1g2a_p4r1,2a,start,p4,r1,57078,60519,3441
gaze_to_gameT,no,gaze,novice,61.016,71.991,10.975,f1g2a_p4r1,2a,start,p4,r1,61016,71991,10975
gaze_to_gameT,no,gaze,novice,74.196,75.718,1.522,f1g2a_p4r1,2a,start,p4,r1,74196,75718,1522
gaze_to_objT,no,gaze,novice,1.395,5.236,3.841,f1g2a_p4r1,2a,start,p4,r1,1395,5236,3841
gaze_to_objT,no,gaze,novice,16.277,17.995,1.718,f1g2a_p4r1,2a,start,p4,r1,16277,17995,1718
gaze_to_objT,no,gaze,novice,30.32,31.614,1.294,f1g2a_p4r1,2a,start,p4,r1,30320,31614,1294
gaze_to_objT,no,gaze,novice,32.714,33.314,0.6,f1g2a_p4r1,2a,start,p4,r1,32714,33314,600
gaze_to_objT,no,gaze,novice,44.698,47.214,2.516,f1g2a_p4r1,2a,start,p4,r1,44698,47214,2516
gaze_to_objT,no,gaze,novice,49.956,51.394,1.438,f1g2a_p4r1,2a,start,p4,r1,49956,51394,1438
gaze_to_objT,no,gaze,novice,56.358,57.078,0.72,f1g2a_p4r1,2a,start,p4,r1,56358,57078,720
gaze_to_objT,no,gaze,novice,72.57,74.196,1.626,f1g2a_p4r1,2a,start,p4,r1,72570,74196,1626
gaze_to_objT,no,gaze,novice,79.079,79.929,0.85,f1g2a_p4r1,2a,start,p4,r1,79079,79929,850
gaze_to_p2,no,gaze,novice,71.991,72.57,0.579,f1g2a_p4r1,2a,start,p4,r1,71991,72570,579
gaze_to_p2,no,gaze,novice,77.297,79.079,1.782,f1g2a_p4r1,2a,start,p4,r1,77297,79079,1782
gaze_to_p2,no,gaze,novice,79.929,83.017,3.088,f1g2a_p4r1,2a,start,p4,r1,79929,83017,3088
gaze_to_p3,no,gaze,novice,54.422,54.582,0.16,f1g2a_p4r1,2a,start,p4,r1,54422,54582,160
gaze_to_p4,no,gaze,novice,15.47,16.277,0.807,f1g2a_p4r1,2a,start,p4,r1,15470,16277,807
gaze_to_p4,no,gaze,novice,28.54,29.412,0.872,f1g2a_p4r1,2a,start,p4,r1,28540,29412,872
gaze_to_p4,no,gaze,novice,37.242,38.521,1.279,f1g2a_p4r1,2a,start,p4,r1,37242,38521,1279
gaze_to_p4,no,gaze,novice,53.401,54.422,1.021,f1g2a_p4r1,2a,start,p4,r1,53401,54422,1021
gaze_to_p4,no,gaze,novice,75.718,77.297,1.579,f1g2a_p4r1,2a,start,p4,r1,75718,77297,1579
gaze_to_p5,no,gaze,novice,5.236,10.274,5.038,f1g2a_p4r1,2a,start,p4,r1,5236,10274,5038
gaze_to_p6,no,gaze,novice,29.412,30.32,0.908,f1g2a_p4r1,2a,start,p4,r1,29412,30320,908
gaze_to_p6,no,gaze,novice,31.614,32.714,1.1,f1g2a_p4r1,2a,start,p4,r1,31614,32714,1100
gaze_to_p6,no,gaze,novice,38.521,40.037,1.516,f1g2a_p4r1,2a,start,p4,r1,38521,40037,1516
gaze_to_p6,no,gaze,novice,47.214,49.956,2.742,f1g2a_p4r1,2a,start,p4,r1,47214,49956,2742
gaze_to_p6,no,gaze,novice,51.394,53.401,2.007,f1g2a_p4r1,2a,start,p4,r1,51394,53401,2007
gaze_to_p6,no,gaze,novice,54.582,56.358,1.776,f1g2a_p4r1,2a,start,p4,r1,54582,56358,1776
gaze_to_p6,no,gaze,novice,60.519,61.016,0.497,f1g2a_p4r1,2a,start,p4,r1,60519,61016,497
mu_arm_left,self_focused_ub,upper_body,novice,37.436,38.689,1.253,f1g2a_p4r1,2a,start,p4,r1,37436,38689,1253
mu_foot_left,self_focused_lb,lower_body,novice,15.609,17.031,1.422,f1g2a_p4r1,2a,start,p4,r1,15609,17031,1422
mu_foot_left,no,lower_body,novice,29.252,30.618,1.366,f1g2a_p4r1,2a,start,p4,r1,29252,30618,1366
mu_foot_left,no,lower_body,novice,38.102,39.138,1.036,f1g2a_p4r1,2a,start,p4,r1,38102,39138,1036
mu_foot_left,no,lower_body,novice,77.133,77.912,0.779,f1g2a_p4r1,2a,start,p4,r1,77133,77912,779
mu_foot_left,no,lower_body,novice,77.912,79.492,1.58,f1g2a_p4r1,2a,start,p4,r1,77912,79492,1580
mu_hand_left,self_focused_ub,upper_body,novice,54.868,56.047,1.179,f1g2a_p4r1,2a,start,p4,r1,54868,56047,1179
mu_hand_left,self_focused_ub,upper_body,novice,56.047,57.856,1.809,f1g2a_p4r1,2a,start,p4,r1,56047,57856,1809
mu_head,context_focused_hf,head_face,novice,1.206,2.158,0.952,f1g2a_p4r1,2a,start,p4,r1,1206,2158,952
mu_head,context_focused_hf,head_face,novice,5.879,6.645,0.766,f1g2a_p4r1,2a,start,p4,r1,5879,6645,766
mu_head,self_focused_hf,head_face,novice,7.26,7.879,0.619,f1g2a_p4r1,2a,start,p4,r1,7260,7879,619
mu_head,context_focused_hf,head_face,novice,8.72,11.68,2.96,f1g2a_p4r1,2a,start,p4,r1,8720,11680,2960
mu_head,no,head_face,novice,15.06,15.068,0.008,f1g2a_p4r1,2a,start,p4,r1,15060,15068,8
mu_head,self_focused_hf,head_face,novice,15.068,16.538,1.47,f1g2a_p4r1,2a,start,p4,r1,15068,16538,1470
mu_head,context_focused_hf,head_face,novice,16.538,18.337,1.799,f1g2a_p4r1,2a,start,p4,r1,16538,18337,1799
mu_head,self_focused_hf,head_face,novice,24.224,25.244,1.02,f1g2a_p4r1,2a,start,p4,r1,24224,25244,1020
mu_head,self_focused_hf,head_face,novice,28.499,30.779,2.28,f1g2a_p4r1,2a,start,p4,r1,28499,30779,2280
mu_head,context_focused_hf,head_face,novice,35.403,36.023,0.62,f1g2a_p4r1,2a,start,p4,r1,35403,36023,620
mu_head,self_focused_hf,head_face,novice,36.978,39.157,2.179,f1g2a_p4r1,2a,start,p4,r1,36978,39157,2179
mu_head,context_focused_hf,head_face,novice,39.892,40.45,0.558,f1g2a_p4r1,2a,start,p4,r1,39892,40450,558
mu_head,context_focused_hf,head_face,novice,44.642,45.193,0.551,f1g2a_p4r1,2a,start,p4,r1,44642,45193,551
mu_head,context_focused_hf,head_face,novice,46.966,50.252,3.286,f1g2a_p4r1,2a,start,p4,r1,46966,50252,3286
mu_head,self_focused_hf,head_face,novice,53.378,55.021,1.643,f1g2a_p4r1,2a,start,p4,r1,53378,55021,1643
mu_head,context_focused_hf,head_face,novice,55.538,57.746,2.208,f1g2a_p4r1,2a,start,p4,r1,55538,57746,2208
mu_head,self_focused_hf,head_face,novice,75.653,76.673,1.02,f1g2a_p4r1,2a,start,p4,r1,75653,76673,1020
mu_head,self_focused_hf,head_face,novice,77.166,80.754,3.588,f1g2a_p4r1,2a,start,p4,r1,77166,80754,3588
mu_mouth_head,context_focused_hf,head_face,novice,72.476,75.227,2.751,f1g2a_p4r1,2a,start,p4,r1,72476,75227,2751
mu_shoulders_both,self_focused_ub,upper_body,novice,47.458,48.054,0.596,f1g2a_p4r1,2a,start,p4,r1,47458,48054,596
mu_torso_back,self_focused_ub,upper_body,novice,15.386,16.006,0.62,f1g2a_p4r1,2a,start,p4,r1,15386,16006,620
mu_torso_back,self_focused_ub,upper_body,novice,48.054,49.026,0.972,f1g2a_p4r1,2a,start,p4,r1,48054,49026,972
mu_torso_fwrd,self_focused_ub,upper_body,novice,16.006,17.136,1.13,f1g2a_p4r1,2a,start,p4,r1,16006,17136,1130
mu_torso_fwrd,self_focused_ub,upper_body,novice,49.026,49.926,0.9,f1g2a_p4r1,2a,start,p4,r1,49026,49926,900
mu_ub_limb_left,self_focused_ub,upper_body,novice,53.596,54.868,1.272,f1g2a_p4r1,2a,start,p4,r1,53596,54868,1272
mu_ub_limb_left,self_focused_ub,upper_body,novice,57.856,59.438,1.582,f1g2a_p4r1,2a,start,p4,r1,57856,59438,1582
mu_ub_limb_left,self_focused_ub,upper_body,novice,75.674,77.296,1.622,f1g2a_p4r1,2a,start,p4,r1,75674,77296,1622
mu_ub_limb_left,self_focused_ub,upper_body,novice,77.296,78.438,1.142,f1g2a_p4r1,2a,start,p4,r1,77296,78438,1142
sit_full,no,location,novice,0,83.026,83.026,f1g2a_p4r1,2a,start,p4,r1,0,83026,83026
gaze_free,no,gaze,novice,33.314,35.32,2.006,f1g2a_p4r1,2a,start,p4,r1,33314,35320,2006
game_action,no,game_action,novice,2.055,20.38,18.325,f1g2a_p5r1,2a,start,p5,r2,2055,20380,18325
gaze_down,no,gaze,novice,71.093,72.459,1.366,f1g2a_p5r1,2a,start,p5,r2,71093,72459,1366
gaze_free,no,gaze,novice,16.606,17.833,1.227,f1g2a_p5r1,2a,start,p5,r2,16606,17833,1227
gaze_free,no,gaze,novice,31.739,32.638,0.899,f1g2a_p5r1,2a,start,p5,r2,31739,32638,899
gaze_free,no,gaze,novice,40.966,42.691,1.725,f1g2a_p5r1,2a,start,p5,r2,40966,42691,1725
gaze_free,no,gaze,novice,43.66,44.259,0.599,f1g2a_p5r1,2a,start,p5,r2,43660,44259,599
gaze_free,no,gaze,novice,52.83,53.456,0.626,f1g2a_p5r1,2a,start,p5,r2,52830,53456,626
gaze_free,no,gaze,novice,69.598,70.208,0.61,f1g2a_p5r1,2a,start,p5,r2,69598,70208,610
gaze_free,no,gaze,novice,77.037,77.998,0.961,f1g2a_p5r1,2a,start,p5,r2,77037,77998,961
gaze_free,no,gaze,novice,78.711,79.691,0.98,f1g2a_p5r1,2a,start,p5,r2,78711,79691,980
gaze_to_camera,no,gaze,novice,72.459,75.186,2.727,f1g2a_p5r1,2a,start,p5,r2,72459,75186,2727
gaze_to_gameT,no,gaze,novice,0,8.718,8.718,f1g2a_p5r1,2a,start,p5,r2,0,8718,8718
gaze_to_gameT,no,gaze,novice,8.718,12.68,3.962,f1g2a_p5r1,2a,start,p5,r2,8718,12680,3962
gaze_to_gameT,no,gaze,novice,14.646,15.931,1.285,f1g2a_p5r1,2a,start,p5,r2,14646,15931,1285
gaze_to_gameT,no,gaze,novice,21.455,23.554,2.099,f1g2a_p5r1,2a,start,p5,r2,21455,23554,2099
gaze_to_gameT,no,gaze,novice,28.659,29.286,0.627,f1g2a_p5r1,2a,start,p5,r2,28659,29286,627
gaze_to_gameT,no,gaze,novice,29.819,30.379,0.56,f1g2a_p5r1,2a,start,p5,r2,29819,30379,560
gaze_to_gameT,no,gaze,novice,35.508,37.179,1.671,f1g2a_p5r1,2a,start,p5,r2,35508,37179,1671
gaze_to_gameT,no,gaze,novice,37.919,38.559,0.64,f1g2a_p5r1,2a,start,p5,r2,37919,38559,640
gaze_to_gameT,no,gaze,novice,54.357,55.59,1.233,f1g2a_p5r1,2a,start,p5,r2,54357,55590,1233
gaze_to_gameT,no,gaze,novice,63.768,67.492,3.724,f1g2a_p5r1,2a,start,p5,r2,63768,67492,3724
gaze_to_gameT,no,gaze,novice,68.532,69.598,1.066,f1g2a_p5r1,2a,start,p5,r2,68532,69598,1066
gaze_to_home,no,gaze,novice,12.68,14.646,1.966,f1g2a_p5r1,2a,start,p5,r2,12680,14646,1966
gaze_to_objT,no,gaze,novice,27.295,28.659,1.364,f1g2a_p5r1,2a,start,p5,r2,27295,28659,1364
gaze_to_objT,no,gaze,novice,42.691,43.66,0.969,f1g2a_p5r1,2a,start,p5,r2,42691,43660,969
gaze_to_objT,no,gaze,novice,44.639,46.885,2.246,f1g2a_p5r1,2a,start,p5,r2,44639,46885,2246
gaze_to_objT,no,gaze,novice,50.317,50.997,0.68,f1g2a_p5r1,2a,start,p5,r2,50317,50997,680
gaze_to_objT,no,gaze,novice,51.817,52.83,1.013,f1g2a_p5r1,2a,start,p5,r2,51817,52830,1013
gaze_to_objT,no,gaze,novice,70.208,71.093,0.885,f1g2a_p5r1,2a,start,p5,r2,70208,71093,885
gaze_to_objT,no,gaze,novice,75.625,75.917,0.292,f1g2a_p5r1,2a,start,p5,r2,75625,75917,292
gaze_to_objT,no,gaze,novice,76.417,77.037,0.62,f1g2a_p5r1,2a,start,p5,r2,76417,77037,620
gaze_to_p1,no,gaze,novice,53.456,54.357,0.901,f1g2a_p5r1,2a,start,p5,r2,53456,54357,901
gaze_to_p1,no,gaze,novice,55.999,56.652,0.653,f1g2a_p5r1,2a,start,p5,r2,55999,56652,653
gaze_to_p2,no,gaze,novice,15.931,16.606,0.675,f1g2a_p5r1,2a,start,p5,r2,15931,16606,675
gaze_to_p2,no,gaze,novice,29.286,29.819,0.533,f1g2a_p5r1,2a,start,p5,r2,29286,29819,533
gaze_to_p2,no,gaze,novice,37.179,37.539,0.36,f1g2a_p5r1,2a,start,p5,r2,37179,37539,360
gaze_to_p2,no,gaze,novice,38.559,39.559,1,f1g2a_p5r1,2a,start,p5,r2,38559,39559,1000
gaze_to_p2,no,gaze,novice,55.59,55.999,0.409,f1g2a_p5r1,2a,start,p5,r2,55590,55999,409
gaze_to_p2,no,gaze,novice,67.492,67.772,0.28,f1g2a_p5r1,2a,start,p5,r2,67492,67772,280
gaze_to_p2,no,gaze,novice,67.772,67.812,0.04,f1g2a_p5r1,2a,start,p5,r2,67772,67812,40
gaze_to_p2,no,gaze,novice,67.812,68.352,0.54,f1g2a_p5r1,2a,start,p5,r2,67812,68352,540
gaze_to_p2,no,gaze,novice,78.531,78.711,0.18,f1g2a_p5r1,2a,start,p5,r2,78531,78711,180
gaze_to_p2,no,gaze,novice,79.691,82.993,3.302,f1g2a_p5r1,2a,start,p5,r2,79691,82993,3302
gaze_to_p3,no,gaze,novice,37.539,37.919,0.38,f1g2a_p5r1,2a,start,p5,r2,37539,37919,380
gaze_to_p3,no,gaze,novice,68.352,68.532,0.18,f1g2a_p5r1,2a,start,p5,r2,68352,68532,180
gaze_to_p6,no,gaze,novice,17.833,21.455,3.622,f1g2a_p5r1,2a,start,p5,r2,17833,21455,3622
gaze_to_p6,no,gaze,novice,23.554,27.295,3.741,f1g2a_p5r1,2a,start,p5,r2,23554,27295,3741
gaze_to_p6,no,gaze,novice,30.379,31.739,1.36,f1g2a_p5r1,2a,start,p5,r2,30379,31739,1360
gaze_to_p6,no,gaze,novice,32.638,35.508,2.87,f1g2a_p5r1,2a,start,p5,r2,32638,35508,2870
gaze_to_p6,no,gaze,novice,39.559,40.966,1.407,f1g2a_p5r1,2a,start,p5,r2,39559,40966,1407
gaze_to_p6,no,gaze,novice,46.885,50.317,3.432,f1g2a_p5r1,2a,start,p5,r2,46885,50317,3432
gaze_to_p6,no,gaze,novice,50.997,51.817,0.82,f1g2a_p5r1,2a,start,p5,r2,50997,51817,820
gaze_to_p6,no,gaze,novice,56.652,63.768,7.116,f1g2a_p5r1,2a,start,p5,r2,56652,63768,7116
gaze_to_p6,no,gaze,novice,75.186,75.625,0.439,f1g2a_p5r1,2a,start,p5,r2,75186,75625,439
gaze_to_p6,no,gaze,novice,75.917,76.417,0.5,f1g2a_p5r1,2a,start,p5,r2,75917,76417,500
gaze_to_p6,no,gaze,novice,77.998,78.531,0.533,f1g2a_p5r1,2a,start,p5,r2,77998,78531,533
gaze_up,no,gaze,novice,44.259,44.639,0.38,f1g2a_p5r1,2a,start,p5,r2,44259,44639,380
goTo_5,no,location,novice,12.871,15.02,2.149,f1g2a_p5r1,2a,start,p5,r1,12871,15020,2149
goTo_gameT,no,location,novice,8.726,11.848,3.122,f1g2a_p5r1,2a,start,p5,r1,8726,11848,3122
goTo_objT,no,location,novice,5.059,7.962,2.903,f1g2a_p5r1,2a,start,p5,r1,5059,7962,2903
goTo_prep,no,location,novice,2.055,5.059,3.004,f1g2a_p5r1,2a,start,p5,r1,2055,5059,3004
mu_eyes_brows,self_focused_hf,head_face,novice,65.749,66.273,0.524,f1g2a_p5r1,2a,start,p5,r2,65749,66273,524
mu_eyes_brows_head,context_focused_hf,head_face,novice,37.517,40.256,2.739,f1g2a_p5r1,2a,start,p5,r2,37517,40256,2739
mu_foot_left,self_focused_lb,lower_body,novice,23.978,24.801,0.823,f1g2a_p5r1,2a,start,p5,r1,23978,24801,823
mu_foot_left,self_focused_lb,lower_body,novice,39.367,41.289,1.922,f1g2a_p5r1,2a,start,p5,r1,39367,41289,1922
mu_foot_left,self_focused_lb,lower_body,novice,66.92,67.273,0.353,f1g2a_p5r1,2a,start,p5,r1,66920,67273,353
mu_foot_left,self_focused_lb,lower_body,novice,68.938,70.187,1.249,f1g2a_p5r1,2a,start,p5,r1,68938,70187,1249
mu_hand_right,self_focused_ub,upper_body,novice,56.175,56.787,0.612,f1g2a_p5r1,2a,start,p5,r1,56175,56787,612
mu_hand_right,self_focused_ub,upper_body,novice,59.211,59.711,0.5,f1g2a_p5r1,2a,start,p5,r1,59211,59711,500
mu_hand_right,self_focused_ub,upper_body,novice,63.673,64.187,0.514,f1g2a_p5r1,2a,start,p5,r1,63673,64187,514
mu_hands_both,self_focused_ub,upper_body,novice,0,0.409,0.409,f1g2a_p5r1,2a,start,p5,r1,0,409,409
mu_hands_both,self_focused_ub,upper_body,novice,20.42,22.19,1.77,f1g2a_p5r1,2a,start,p5,r1,20420,22190,1770
mu_hands_both,self_focused_ub,upper_body,novice,23.136,24.071,0.935,f1g2a_p5r1,2a,start,p5,r1,23136,24071,935
mu_hands_both,self_focused_ub,upper_body,novice,24.806,26.528,1.722,f1g2a_p5r1,2a,start,p5,r1,24806,26528,1722
mu_hands_both,self_focused_ub,upper_body,novice,26.528,28.695,2.167,f1g2a_p5r1,2a,start,p5,r1,26528,28695,2167
mu_hands_both,self_focused_ub,upper_body,novice,31.166,40.268,9.102,f1g2a_p5r1,2a,start,p5,r1,31166,40268,9102
mu_hands_both,self_focused_ub,upper_body,novice,40.73,53.966,13.236,f1g2a_p5r1,2a,start,p5,r1,40730,53966,13236
mu_hands_both,self_focused_ub,upper_body,novice,60.527,61.636,1.109,f1g2a_p5r1,2a,start,p5,r1,60527,61636,1109
mu_hands_both,self_focused_ub,upper_body,novice,64.66,68.704,4.044,f1g2a_p5r1,2a,start,p5,r1,64660,68704,4044
mu_hands_both,self_focused_ub,upper_body,novice,68.704,70.787,2.083,f1g2a_p5r1,2a,start,p5,r1,68704,70787,2083
mu_hands_both,self_focused_ub,upper_body,novice,70.787,80.839,10.052,f1g2a_p5r1,2a,start,p5,r1,70787,80839,10052
mu_hands_both,self_focused_ub,upper_body,novice,80.839,82.995,2.156,f1g2a_p5r1,2a,start,p5,r1,80839,82995,2156
mu_head,context_focused_hf,head_face,novice,21.316,24.539,3.223,f1g2a_p5r1,2a,start,p5,r2,21316,24539,3223
mu_head,context_focused_hf,head_face,novice,28.557,31.636,3.079,f1g2a_p5r1,2a,start,p5,r2,28557,31636,3079
mu_head,context_focused_hf,head_face,novice,31.937,32.844,0.907,f1g2a_p5r1,2a,start,p5,r2,31937,32844,907
mu_head,context_focused_hf,head_face,novice,34.657,36.37,1.713,f1g2a_p5r1,2a,start,p5,r2,34657,36370,1713
mu_head,context_focused_hf,head_face,novice,52.973,55.353,2.38,f1g2a_p5r1,2a,start,p5,r2,52973,55353,2380
mu_head,context_focused_hf,head_face,novice,55.353,57.228,1.875,f1g2a_p5r1,2a,start,p5,r2,55353,57228,1875
mu_head,context_focused_hf,head_face,novice,57.228,61.048,3.82,f1g2a_p5r1,2a,start,p5,r2,57228,61048,3820
mu_head,context_focused_hf,head_face,novice,67.587,73.347,5.76,f1g2a_p5r1,2a,start,p5,r2,67587,73347,5760
mu_head,context_focused_hf,head_face,novice,78.019,78.598,0.579,f1g2a_p5r1,2a,start,p5,r2,78019,78598,579
mu_head,self_focused_hf,head_face,novice,78.978,79.506,0.528,f1g2a_p5r1,2a,start,p5,r2,78978,79506,528
mu_lb_all,self_focused_lb,lower_body,novice,28.835,31.056,2.221,f1g2a_p5r1,2a,start,p5,r1,28835,31056,2221
mu_lb_limb_left,self_focused_lb,lower_body,novice,54.083,57.045,2.962,f1g2a_p5r1,2a,start,p5,r1,54083,57045,2962
mu_lb_limb_left,self_focused_lb,lower_body,novice,71.22,75.215,3.995,f1g2a_p5r1,2a,start,p5,r1,71220,75215,3995
mu_ub_all,self_focused_ub,upper_body,novice,22.19,23.136,0.946,f1g2a_p5r1,2a,start,p5,r1,22190,23136,946
mu_ub_all,self_focused_ub,upper_body,novice,24.071,24.806,0.735,f1g2a_p5r1,2a,start,p5,r1,24071,24806,735
mu_ub_all,self_focused_ub,upper_body,novice,28.695,31.166,2.471,f1g2a_p5r1,2a,start,p5,r1,28695,31166,2471
settling,no,location,novice,15.02,20.37,5.35,f1g2a_p5r1,2a,start,p5,r1,15020,20370,5350
settling,no,location,novice,28.695,31.16,2.465,f1g2a_p5r1,2a,start,p5,r1,28695,31160,2465
sit_full,no,location,novice,20.37,28.695,8.325,f1g2a_p5r1,2a,start,p5,r1,20370,28695,8325
sit_full,no,location,novice,31.16,82.995,51.835,f1g2a_p5r1,2a,start,p5,r1,31160,82995,51835
stand_at_gameT,no,location,novice,11.848,12.871,1.023,f1g2a_p5r1,2a,start,p5,r1,11848,12871,1023
stand_at_objT,no,location,novice,7.962,8.726,0.764,f1g2a_p5r1,2a,start,p5,r1,7962,8726,764
game_action,no,game_action,novice,27.65,71.252,43.602,f1g2a_p6r1,2a,start,p6,r1,27650,71252,43602
gaze_down,no,gaze,novice,0.195,0.944,0.749,f1g2a_p6r1,2a,start,p6,r2,195,944,749
gaze_down,no,gaze,novice,77.294,78.728,1.434,f1g2a_p6r1,2a,start,p6,r2,77294,78728,1434
gaze_free,no,gaze,novice,0,0.195,0.195,f1g2a_p6r1,2a,start,p6,r2,0,195,195
gaze_free,no,gaze,novice,0.944,1.355,0.411,f1g2a_p6r1,2a,start,p6,r2,944,1355,411
gaze_to_gameT,no,gaze,novice,1.355,7.819,6.464,f1g2a_p6r1,2a,start,p6,r2,1355,7819,6464
gaze_to_gameT,no,gaze,novice,9.826,14.379,4.553,f1g2a_p6r1,2a,start,p6,r2,9826,14379,4553
gaze_to_gameT,no,gaze,novice,17.538,26.262,8.724,f1g2a_p6r1,2a,start,p6,r2,17538,26262,8724
gaze_to_gameT,no,gaze,novice,38.79,40.333,1.543,f1g2a_p6r1,2a,start,p6,r2,38790,40333,1543
gaze_to_gameT,no,gaze,novice,57.042,65.132,8.09,f1g2a_p6r1,2a,start,p6,r2,57042,65132,8090
gaze_to_gameT,no,gaze,novice,66.721,76.617,9.896,f1g2a_p6r1,2a,start,p6,r2,66721,76617,9896
gaze_to_gameT,no,gaze,novice,81.48,83,1.52,f1g2a_p6r1,2a,start,p6,r2,81480,83000,1520
gaze_to_home,no,gaze,novice,65.132,66.721,1.589,f1g2a_p6r1,2a,start,p6,r2,65132,66721,1589
gaze_to_objT,no,gaze,novice,14.379,17.538,3.159,f1g2a_p6r1,2a,start,p6,r2,14379,17538,3159
gaze_to_objT,no,gaze,novice,26.849,38.79,11.941,f1g2a_p6r1,2a,start,p6,r2,26849,38790,11941
gaze_to_objT,no,gaze,novice,40.333,55.776,15.443,f1g2a_p6r1,2a,start,p6,r2,40333,55776,15443
gaze_to_objT,no,gaze,novice,78.728,81.48,2.752,f1g2a_p6r1,2a,start,p6,r2,78728,81480,2752
gaze_to_p2,no,gaze,novice,26.262,26.849,0.587,f1g2a_p6r1,2a,start,p6,r2,26262,26849,587
gaze_to_p2,no,gaze,novice,76.617,77.294,0.677,f1g2a_p6r1,2a,start,p6,r2,76617,77294,677
gaze_to_p5,no,gaze,novice,7.819,9.826,2.007,f1g2a_p6r1,2a,start,p6,r2,7819,9826,2007
gaze_up,no,gaze,novice,55.776,57.042,1.266,f1g2a_p6r1,2a,start,p6,r2,55776,57042,1266
goTo_6,no,location,novice,64.189,67.502,3.313,f1g2a_p6r1,2a,start,p6,r1,64189,67502,3313
goTo_gameT,no,location,novice,56.688,60.949,4.261,f1g2a_p6r1,2a,start,p6,r1,56688,60949,4261
goTo_objT,no,location,novice,30.173,33.375,3.202,f1g2a_p6r1,2a,start,p6,r1,30173,33375,3202
goTo_prep,no,location,novice,27.653,30.173,2.52,f1g2a_p6r1,2a,start,p6,r1,27653,30173,2520
mu_foot_left,self_focused_lb,lower_body,novice,77.109,77.599,0.49,f1g2a_p6r1,2a,start,p6,r1,77109,77599,490
mu_foot_left,self_focused_lb,lower_body,novice,79.203,79.633,0.43,f1g2a_p6r1,2a,start,p6,r1,79203,79633,430
mu_hand_right,self_focused_ub,upper_body,novice,20.923,21.722,0.799,f1g2a_p6r1,2a,start,p6,r1,20923,21722,799
mu_hand_right,self_focused_ub,upper_body,novice,23.778,25.077,1.299,f1g2a_p6r1,2a,start,p6,r1,23778,25077,1299
mu_hand_right,self_focused_ub,upper_body,novice,78.465,81.804,3.339,f1g2a_p6r1,2a,start,p6,r1,78465,81804,3339
mu_hand_right,self_focused_ub,upper_body,novice,81.804,82.565,0.761,f1g2a_p6r1,2a,start,p6,r1,81804,82565,761
mu_head,context_focused_hf,head_face,novice,7.772,8.432,0.66,f1g2a_p6r1,2a,start,p6,r2,7772,8432,660
mu_head,context_focused_hf,head_face,novice,9.121,10.761,1.64,f1g2a_p6r1,2a,start,p6,r2,9121,10761,1640
mu_head,context_focused_hf,head_face,novice,14.373,14.931,0.558,f1g2a_p6r1,2a,start,p6,r2,14373,14931,558
mu_head,context_focused_hf,head_face,novice,17.168,18.028,0.86,f1g2a_p6r1,2a,start,p6,r2,17168,18028,860
mu_mouth_head,context_focused_hf,head_face,novice,0.12,2.459,2.339,f1g2a_p6r1,2a,start,p6,r2,120,2459,2339
mu_mouth_head,context_focused_hf,head_face,novice,25.919,27.639,1.72,f1g2a_p6r1,2a,start,p6,r2,25919,27639,1720
mu_mouth_head,context_focused_hf,head_face,novice,75.138,82.418,7.28,f1g2a_p6r1,2a,start,p6,r2,75138,82418,7280
mu_ub_all,self_focused_ub,upper_body,novice,76.724,78.465,1.741,f1g2a_p6r1,2a,start,p6,r1,76724,78465,1741
settling,no,location,novice,67.502,71.252,3.75,f1g2a_p6r1,2a,start,p6,r1,67502,71252,3750
sit_full,no,location,novice,0,27.653,27.653,f1g2a_p6r1,2a,start,p6,r1,0,27653,27653
sit_full,no,location,novice,71.252,83,11.748,f1g2a_p6r1,2a,start,p6,r1,71252,83000,11748
stand_at_gameT,no,location,novice,60.949,64.189,3.24,f1g2a_p6r1,2a,start,p6,r1,60949,64189,3240
stand_at_objT,no,location,novice,33.375,56.688,23.313,f1g2a_p6r1,2a,start,p6,r1,33375,56688,23313
