label,function,tier,group,onset_s,offset_s,duration_s,data,game,game_par,participant,rater,onset_ms,offset_ms,duration_ms
sit_full,no,location,expert,0,360,360,f3g1a_p1r1,1,start,p1,1,0,360000,360000
gaze_to_gameT,no,gaze,expert,0,1.005,1.005,f3g1a_p1r2,1,start,p1,1,0,1005,1005
gaze_to_p5,no,gaze,expert,1.005,1.869,0.864,f3g1a_p1r3,1,start,p1,1,1005,1869,864
gaze_to_gameT,no,gaze,expert,1.869,2.895,1.026,f3g1a_p1r4,1,start,p1,1,1869,2895,1026
gaze_to_gameT,no,gaze,expert,2.895,3.469,0.574,f3g1a_p1r5,1,start,p1,1,2895,3469,574
gaze_to_p5,no,gaze,expert,3.469,3.774,0.305,f3g1a_p1r6,1,start,p1,1,3469,3774,305
gaze_free,no,gaze,expert,3.774,9.562,5.788,f3g1a_p1r7,1,start,p1,1,3774,9562,5788
gaze_to_gameT,no,gaze,expert,9.562,12.737,3.175,f3g1a_p1r8,1,start,p1,1,9562,12737,3175
gaze_down,no,gaze,expert,12.737,13.909,1.172,f3g1a_p1r9,1,start,p1,1,12737,13909,1172
gaze_to_gameT,no,gaze,expert,13.909,17.771,3.862,f3g1a_p1r10,1,start,p1,1,13909,17771,3862
gaze_to_object_other,no,gaze,expert,17.771,33.239,15.468,f3g1a_p1r11,1,start,p1,1,17771,33239,15468
gaze_to_camera,no,gaze,expert,33.239,33.368,0.129,f3g1a_p1r12,1,start,p1,1,33239,33368,129
gaze_up,no,gaze,expert,33.368,33.928,0.56,f3g1a_p1r13,1,start,p1,1,33368,33928,560
gaze_to_gameT,no,gaze,expert,33.928,46.14,12.212,f3g1a_p1r14,1,start,p1,1,33928,46140,12212
gaze_down,no,gaze,expert,46.14,50.216,4.076,f3g1a_p1r15,1,start,p1,1,46140,50216,4076
gaze_to_gameT,no,gaze,expert,50.216,75.811,25.595,f3g1a_p1r16,1,start,p1,1,50216,75811,25595
gaze_free,no,gaze,expert,75.811,76.952,1.141,f3g1a_p1r17,1,start,p1,1,75811,76952,1141
gaze_to_gameT,no,gaze,expert,76.952,96.646,19.694,f3g1a_p1r18,1,start,p1,1,76952,96646,19694
gaze_to_objT,no,gaze,expert,96.646,98.67,2.024,f3g1a_p1r19,1,start,p1,1,96646,98670,2024
gaze_to_gameT,no,gaze,expert,98.67,100.567,1.897,f3g1a_p1r20,1,start,p1,1,98670,100567,1897
gaze_to_p6,no,gaze,expert,100.567,101.756,1.189,f3g1a_p1r21,1,start,p1,1,100567,101756,1189
gaze_to_gameT,no,gaze,expert,101.756,102.491,0.735,f3g1a_p1r22,1,start,p1,1,101756,102491,735
gaze_to_p5,no,gaze,expert,102.491,103.197,0.706,f3g1a_p1r23,1,start,p1,1,102491,103197,706
gaze_to_gameT,no,gaze,expert,103.197,107.13,3.933,f3g1a_p1r24,1,start,p1,1,103197,107130,3933
gaze_to_p6,no,gaze,expert,107.13,108.266,1.136,f3g1a_p1r25,1,start,p1,1,107130,108266,1136
gaze_to_gameT,no,gaze,expert,108.266,109.967,1.701,f3g1a_p1r26,1,start,p1,1,108266,109967,1701
gaze_to_p5,no,gaze,expert,109.967,111.071,1.104,f3g1a_p1r27,1,start,p1,1,109967,111071,1104
gaze_to_gameT,no,gaze,expert,111.071,113.239,2.168,f3g1a_p1r28,1,start,p1,1,111071,113239,2168
gaze_to_p6,no,gaze,expert,113.239,114.938,1.699,f3g1a_p1r29,1,start,p1,1,113239,114938,1699
gaze_to_gameT,no,gaze,expert,114.938,157.576,42.638,f3g1a_p1r30,1,start,p1,1,114938,157576,42638
gaze_to_p4,no,gaze,expert,157.576,158.713,1.137,f3g1a_p1r31,1,start,p1,1,157576,158713,1137
gaze_to_gameT,no,gaze,expert,158.713,170.09,11.377,f3g1a_p1r32,1,start,p1,1,158713,170090,11377
gaze_to_gameT,no,gaze,expert,170.09,183.895,13.805,f3g1a_p1r33,1,start,p1,1,170090,183895,13805
gaze_down,no,gaze,expert,183.895,198.755,14.86,f3g1a_p1r34,1,start,p1,1,183895,198755,14860
gaze_to_gameT,no,gaze,expert,198.755,270.944,72.189,f3g1a_p1r35,1,start,p1,1,198755,270944,72189
gaze_to_p5,no,gaze,expert,270.944,350.274,79.33,f3g1a_p1r36,1,start,p1,1,270944,350274,79330
gaze_to_p2,no,gaze,expert,350.274,352.116,1.842,f3g1a_p1r37,1,start,p1,1,350274,352116,1842
gaze_to_gameT,no,gaze,expert,352.116,360.01,7.894,f3g1a_p1r38,1,start,p1,1,352116,360010,7894
mu_head,context_focused_hf,head_face,expert,17.836,20.038,2.202,f3g1a_p1r39,1,start,p1,1,17836,20038,2202
mu_head,context_focused_hf,head_face,expert,33.848,38.11,4.262,f3g1a_p1r40,1,start,p1,1,33848,38110,4262
mu_head,context_focused_hf,head_face,expert,96.633,99.718,3.085,f3g1a_p1r41,1,start,p1,1,96633,99718,3085
mu_eyes_brows,self_focused_hf,head_face,expert,179.791,182.734,2.943,f3g1a_p1r42,1,start,p1,1,179791,182734,2943
mu_eyes_brows_head,self_focused_hf,head_face,expert,183.615,199.71,16.095,f3g1a_p1r43,1,start,p1,1,183615,199710,16095
mu_eyes_brows,self_focused_hf,head_face,expert,216.274,218.993,2.719,f3g1a_p1r44,1,start,p1,1,216274,218993,2719
mu_eyes_brows,self_focused_hf,head_face,expert,228.988,231.21,2.222,f3g1a_p1r45,1,start,p1,1,228988,231210,2222
mu_eyes_brows,self_focused_hf,head_face,expert,245.501,248.089,2.588,f3g1a_p1r46,1,start,p1,1,245501,248089,2588
mu_eyes_brows,self_focused_hf,head_face,expert,250.711,258.285,7.574,f3g1a_p1r47,1,start,p1,1,250711,258285,7574
mu_eyes_brows,self_focused_hf,head_face,expert,321.931,322.772,0.841,f3g1a_p1r48,1,start,p1,1,321931,322772,841
mu_head,self_focused_hf,head_face,expert,322.875,324.35,1.475,f3g1a_p1r49,1,start,p1,1,322875,324350,1475
mu_eyes_brows,self_focused_hf,head_face,expert,331.051,332.238,1.187,f3g1a_p1r50,1,start,p1,1,331051,332238,1187
mu_eyes_brows,self_focused_hf,head_face,expert,332.238,333.664,1.426,f3g1a_p1r51,1,start,p1,1,332238,333664,1426
mu_head,self_focused_hf,head_face,expert,334.29,336.015,1.725,f3g1a_p1r52,1,start,p1,1,334290,336015,1725
mu_hand_right,self_focused_ub,upper_body,expert,35.098,36.275,1.177,f3g1a_p1r53,1,start,p1,1,35098,36275,1177
mu_hand_right,self_focused_ub,upper_body,expert,64.532,65.173,0.641,f3g1a_p1r54,1,start,p1,1,64532,65173,641
mu_hand_right,self_focused_ub,upper_body,expert,192.531,193.791,1.26,f3g1a_p1r55,1,start,p1,1,192531,193791,1260
mu_hand_right,self_focused_ub,upper_body,expert,199.511,201.633,2.122,f3g1a_p1r56,1,start,p1,1,199511,201633,2122
mu_torso_lat,self_focused_ub,upper_body,expert,323.207,325.05,1.843,f3g1a_p1r57,1,start,p1,1,323207,325050,1843
sit_full,no,location,expert,0,54.584,54.584,f3g1a_p2r1,1,start,p2,1,0,54584,54584
settling,no,location,expert,54.584,61.912,7.328,f3g1a_p2r2,1,start,p2,1,54584,61912,7328
sit_full,no,location,expert,61.912,93.291,31.379,f3g1a_p2r3,1,start,p2,1,61912,93291,31379
settling,no,location,expert,93.291,101.797,8.506,f3g1a_p2r4,1,start,p2,1,93291,101797,8506
sit_full,no,location,expert,101.797,214.652,112.855,f3g1a_p2r5,1,start,p2,1,101797,214652,112855
settling,no,location,expert,214.652,218.659,4.007,f3g1a_p2r6,1,start,p2,1,214652,218659,4007
sit_full,no,location,expert,218.659,308.777,90.118,f3g1a_p2r7,1,start,p2,1,218659,308777,90118
goTo_prep,no,location,expert,308.777,313.629,4.852,f3g1a_p2r8,1,start,p2,1,308777,313629,4852
goTo_object,no,location,expert,313.629,318.381,4.752,f3g1a_p2r9,1,start,p2,1,313629,318381,4752
stand_at_objT,no,location,expert,318.381,343.466,25.085,f3g1a_p2r10,1,start,p2,1,318381,343466,25085
goTo_gameT,no,location,expert,343.466,357.545,14.079,f3g1a_p2r11,1,start,p2,1,343466,357545,14079
stand_at_gameT,no,location,expert,357.545,360.012,2.467,f3g1a_p2r12,1,start,p2,1,357545,360012,2467
game_action,no,game_action,expert,308.777,360.013,51.236,f3g1a_p2r13,1,start,p2,1,308777,360013,51236
gaze_to_gameT,no,gaze,expert,0,3.252,3.252,f3g1a_p2r14,1,start,p2,1,0,3252,3252
gaze_down,no,gaze,expert,3.252,4.306,1.054,f3g1a_p2r15,1,start,p2,1,3252,4306,1054
gaze_to_gameT,no,gaze,expert,4.306,7.267,2.961,f3g1a_p2r16,1,start,p2,1,4306,7267,2961
gaze_to_p3,no,gaze,expert,7.267,8.053,0.786,f3g1a_p2r17,1,start,p2,1,7267,8053,786
gaze_to_gameT,no,gaze,expert,8.053,9.76,1.707,f3g1a_p2r18,1,start,p2,1,8053,9760,1707
gaze_down,no,gaze,expert,9.76,10.291,0.531,f3g1a_p2r19,1,start,p2,1,9760,10291,531
gaze_up,no,gaze,expert,10.291,10.711,0.42,f3g1a_p2r20,1,start,p2,1,10291,10711,420
gaze_free,no,gaze,expert,10.711,11.617,0.906,f3g1a_p2r21,1,start,p2,1,10711,11617,906
gaze_to_gameT,no,gaze,expert,11.617,13.975,2.358,f3g1a_p2r22,1,start,p2,1,11617,13975,2358
gaze_to_gameT,no,gaze,expert,13.975,17.849,3.874,f3g1a_p2r23,1,start,p2,1,13975,17849,3874
gaze_to_objT,no,gaze,expert,17.849,26.678,8.829,f3g1a_p2r24,1,start,p2,1,17849,26678,8829
gaze_to_p4,no,gaze,expert,26.678,27.821,1.143,f3g1a_p2r25,1,start,p2,1,26678,27821,1143
gaze_to_p5,no,gaze,expert,27.821,27.981,0.16,f3g1a_p2r26,1,start,p2,1,27821,27981,160
gaze_to_p6,no,gaze,expert,27.981,29.755,1.774,f3g1a_p2r27,1,start,p2,1,27981,29755,1774
gaze_to_gameT,no,gaze,expert,29.755,30.23,0.475,f3g1a_p2r28,1,start,p2,1,29755,30230,475
gaze_to_p6,no,gaze,expert,30.23,30.419,0.189,f3g1a_p2r29,1,start,p2,1,30230,30419,189
gaze_to_gameT,no,gaze,expert,30.419,38.442,8.023,f3g1a_p2r30,1,start,p2,1,30419,38442,8023
gaze_to_p6,no,gaze,expert,38.442,38.902,0.46,f3g1a_p2r31,1,start,p2,1,38442,38902,460
gaze_to_p1,no,gaze,expert,38.902,40.709,1.807,f3g1a_p2r32,1,start,p2,1,38902,40709,1807
gaze_to_gameT,no,gaze,expert,40.709,41.494,0.785,f3g1a_p2r33,1,start,p2,1,40709,41494,785
gaze_free,no,gaze,expert,41.494,41.574,0.08,f3g1a_p2r34,1,start,p2,1,41494,41574,80
gaze_to_gameT,no,gaze,expert,41.574,41.854,0.28,f3g1a_p2r35,1,start,p2,1,41574,41854,280
gaze_down,no,gaze,expert,41.854,42.154,0.3,f3g1a_p2r36,1,start,p2,1,41854,42154,300
gaze_down,no,gaze,expert,42.154,42.774,0.62,f3g1a_p2r37,1,start,p2,1,42154,42774,620
gaze_to_p6,no,gaze,expert,42.774,42.991,0.217,f3g1a_p2r38,1,start,p2,1,42774,42991,217
gaze_to_p5,no,gaze,expert,42.991,44.057,1.066,f3g1a_p2r39,1,start,p2,1,42991,44057,1066
gaze_to_gameT,no,gaze,expert,44.057,60.025,15.968,f3g1a_p2r40,1,start,p2,1,44057,60025,15968
gaze_to_objT,no,gaze,expert,60.025,70.263,10.238,f3g1a_p2r41,1,start,p2,1,60025,70263,10238
gaze_to_p4,no,gaze,expert,70.263,115.35,45.087,f3g1a_p2r42,1,start,p2,1,70263,115350,45087
gaze_to_p6,no,gaze,expert,115.35,119.112,3.762,f3g1a_p2r43,1,start,p2,1,115350,119112,3762
gaze_to_objT,no,gaze,expert,119.112,119.966,0.854,f3g1a_p2r44,1,start,p2,1,119112,119966,854
gaze_to_camera,no,gaze,expert,119.966,120.326,0.36,f3g1a_p2r45,1,start,p2,1,119966,120326,360
gaze_to_object_other,no,gaze,expert,120.326,121.502,1.176,f3g1a_p2r46,1,start,p2,1,120326,121502,1176
gaze_to_objT,no,gaze,expert,121.502,121.522,0.02,f3g1a_p2r47,1,start,p2,1,121502,121522,20
gaze_to_p4,no,gaze,expert,121.522,123.412,1.89,f3g1a_p2r48,1,start,p2,1,121522,123412,1890
gaze_to_p6,no,gaze,expert,123.412,124.873,1.461,f3g1a_p2r49,1,start,p2,1,123412,124873,1461
gaze_to_gameT,no,gaze,expert,124.873,150.315,25.442,f3g1a_p2r50,1,start,p2,1,124873,150315,25442
gaze_to_gameT,no,gaze,expert,150.315,184.684,34.369,f3g1a_p2r51,1,start,p2,1,150315,184684,34369
gaze_down,no,gaze,expert,184.684,184.91,0.226,f3g1a_p2r52,1,start,p2,1,184684,184910,226
gaze_to_gameT,no,gaze,expert,184.91,187.272,2.362,f3g1a_p2r53,1,start,p2,1,184910,187272,2362
gaze_to_objT,no,gaze,expert,187.272,190.739,3.467,f3g1a_p2r54,1,start,p2,1,187272,190739,3467
gaze_down,no,gaze,expert,190.739,190.859,0.12,f3g1a_p2r55,1,start,p2,1,190739,190859,120
gaze_to_gameT,no,gaze,expert,190.859,205.598,14.739,f3g1a_p2r56,1,start,p2,1,190859,205598,14739
gaze_to_p6,no,gaze,expert,205.598,206.632,1.034,f3g1a_p2r57,1,start,p2,1,205598,206632,1034
gaze_to_gameT,no,gaze,expert,206.632,217.996,11.364,f3g1a_p2r58,1,start,p2,1,206632,217996,11364
gaze_down,no,gaze,expert,217.996,218.98,0.984,f3g1a_p2r59,1,start,p2,1,217996,218980,984
gaze_to_gameT,no,gaze,expert,218.98,236.589,17.609,f3g1a_p2r60,1,start,p2,1,218980,236589,17609
gaze_to_p6,no,gaze,expert,236.589,237.952,1.363,f3g1a_p2r61,1,start,p2,1,236589,237952,1363
gaze_to_gameT,no,gaze,expert,237.952,270.329,32.377,f3g1a_p2r62,1,start,p2,1,237952,270329,32377
gaze_to_p5,no,gaze,expert,270.329,271.359,1.03,f3g1a_p2r63,1,start,p2,1,270329,271359,1030
gaze_to_gameT,no,gaze,expert,271.359,289.591,18.232,f3g1a_p2r64,1,start,p2,1,271359,289591,18232
gaze_to_p6,no,gaze,expert,289.591,290.75,1.159,f3g1a_p2r65,1,start,p2,1,289591,290750,1159
gaze_to_gameT,no,gaze,expert,290.75,298.552,7.802,f3g1a_p2r66,1,start,p2,1,290750,298552,7802
gaze_to_p3,no,gaze,expert,298.552,299.011,0.459,f3g1a_p2r67,1,start,p2,1,298552,299011,459
gaze_to_gameT,no,gaze,expert,299.011,309.871,10.86,f3g1a_p2r68,1,start,p2,1,299011,309871,10860
gaze_down,no,gaze,expert,309.871,310.981,1.11,f3g1a_p2r69,1,start,p2,1,309871,310981,1110
gaze_to_gameT,no,gaze,expert,310.981,313.589,2.608,f3g1a_p2r70,1,start,p2,1,310981,313589,2608
gaze_down,no,gaze,expert,313.589,315.313,1.724,f3g1a_p2r71,1,start,p2,1,313589,315313,1724
gaze_to_object_other,no,gaze,expert,315.313,359.996,44.683,f3g1a_p2r72,1,start,p2,1,315313,359996,44683
mu_eyes_brows,self_focused_hf,head_face,expert,10.252,11.679,1.427,f3g1a_p2r73,1,start,p2,1,10252,11679,1427
mu_head,self_focused_hf,head_face,expert,16.754,17.772,1.018,f3g1a_p2r74,1,start,p2,1,16754,17772,1018
mu_head,context_focused_hf,head_face,expert,18.055,18.697,0.642,f3g1a_p2r75,1,start,p2,1,18055,18697,642
mu_head,context_focused_hf,head_face,expert,19.031,19.382,0.351,f3g1a_p2r76,1,start,p2,1,19031,19382,351
mu_head,context_focused_hf,head_face,expert,23.077,23.979,0.902,f3g1a_p2r77,1,start,p2,1,23077,23979,902
mu_head,context_focused_hf,head_face,expert,26.81,28.11,1.3,f3g1a_p2r78,1,start,p2,1,26810,28110,1300
mu_head,self_focused_hf,head_face,expert,37.491,38.388,0.897,f3g1a_p2r79,1,start,p2,1,37491,38388,897
mu_head,self_focused_hf,head_face,expert,40.635,41.913,1.278,f3g1a_p2r80,1,start,p2,1,40635,41913,1278
mu_head,self_focused_hf,head_face,expert,51.949,53.591,1.642,f3g1a_p2r81,1,start,p2,1,51949,53591,1642
mu_head,context_focused_hf,head_face,expert,59.806,60.63,0.824,f3g1a_p2r82,1,start,p2,1,59806,60630,824
mu_eyes_brows_head,context_focused_hf,head_face,expert,61.11,62.074,0.964,f3g1a_p2r83,1,start,p2,1,61110,62074,964
mu_head,context_focused_hf,head_face,expert,62.074,62.811,0.737,f3g1a_p2r84,1,start,p2,1,62074,62811,737
mu_head,self_focused_hf,head_face,expert,68.527,69.087,0.56,f3g1a_p2r85,1,start,p2,1,68527,69087,560
mu_head,self_focused_hf,head_face,expert,71.894,72.398,0.504,f3g1a_p2r86,1,start,p2,1,71894,72398,504
mu_head,context_focused_hf,head_face,expert,74.73,78.427,3.697,f3g1a_p2r87,1,start,p2,1,74730,78427,3697
mu_head,context_focused_hf,head_face,expert,81.99,82.749,0.759,f3g1a_p2r88,1,start,p2,1,81990,82749,759
mu_head,self_focused_hf,head_face,expert,92.149,92.831,0.682,f3g1a_p2r89,1,start,p2,1,92149,92831,682
mu_head,self_focused_hf,head_face,expert,96.216,97.475,1.259,f3g1a_p2r90,1,start,p2,1,96216,97475,1259
mu_head,self_focused_hf,head_face,expert,102.971,103.391,0.42,f3g1a_p2r91,1,start,p2,1,102971,103391,420
mu_head,context_focused_hf,head_face,expert,113.167,114.11,0.943,f3g1a_p2r92,1,start,p2,1,113167,114110,943
mu_head,context_focused_hf,head_face,expert,119.147,119.578,0.431,f3g1a_p2r93,1,start,p2,1,119147,119578,431
mu_head,context_focused_hf,head_face,expert,120.01,120.775,0.765,f3g1a_p2r94,1,start,p2,1,120010,120775,765
mu_head,context_focused_hf,head_face,expert,121.235,122.458,1.223,f3g1a_p2r95,1,start,p2,1,121235,122458,1223
mu_head,self_focused_hf,head_face,expert,150.391,152.427,2.036,f3g1a_p2r96,1,start,p2,1,150391,152427,2036
mu_head,self_focused_hf,head_face,expert,181.474,182.376,0.902,f3g1a_p2r97,1,start,p2,1,181474,182376,902
mu_head,self_focused_hf,head_face,expert,182.708,184.249,1.541,f3g1a_p2r98,1,start,p2,1,182708,184249,1541
mu_head,context_focused_hf,head_face,expert,186.775,187.771,0.996,f3g1a_p2r99,1,start,p2,1,186775,187771,996
mu_head,context_focused_hf,head_face,expert,190.136,190.694,0.558,f3g1a_p2r100,1,start,p2,1,190136,190694,558
mu_head,self_focused_hf,head_face,expert,191.708,192.126,0.418,f3g1a_p2r101,1,start,p2,1,191708,192126,418
mu_head,self_focused_hf,head_face,expert,192.59,193.01,0.42,f3g1a_p2r102,1,start,p2,1,192590,193010,420
mu_head,self_focused_hf,head_face,expert,193.2,193.427,0.227,f3g1a_p2r103,1,start,p2,1,193200,193427,227
mu_head,self_focused_hf,head_face,expert,195.669,196.081,0.412,f3g1a_p2r104,1,start,p2,1,195669,196081,412
mu_head,self_focused_hf,head_face,expert,198.471,199.281,0.81,f3g1a_p2r105,1,start,p2,1,198471,199281,810
mu_head,self_focused_hf,head_face,expert,205.564,206.667,1.103,f3g1a_p2r106,1,start,p2,1,205564,206667,1103
mu_head,self_focused_hf,head_face,expert,208.54,209.515,0.975,f3g1a_p2r107,1,start,p2,1,208540,209515,975
mu_head,self_focused_hf,head_face,expert,217.027,217.911,0.884,f3g1a_p2r108,1,start,p2,1,217027,217911,884
mu_head,self_focused_hf,head_face,expert,235.651,236.427,0.776,f3g1a_p2r109,1,start,p2,1,235651,236427,776
mu_head,self_focused_hf,head_face,expert,244.848,245.337,0.489,f3g1a_p2r110,1,start,p2,1,244848,245337,489
mu_head,self_focused_hf,head_face,expert,246.767,247.217,0.45,f3g1a_p2r111,1,start,p2,1,246767,247217,450
mu_head,self_focused_hf,head_face,expert,281.377,282.531,1.154,f3g1a_p2r112,1,start,p2,1,281377,282531,1154
mu_head,self_focused_hf,head_face,expert,302.13,303.471,1.341,f3g1a_p2r113,1,start,p2,1,302130,303471,1341
mu_ub_limb_left,self_focused_ub,upper_body,expert,37.111,55.351,18.24,f3g1a_p2r114,1,start,p2,1,37111,55351,18240
mu_torso_lat,self_focused_ub,upper_body,expert,55.351,57.377,2.026,f3g1a_p2r115,1,start,p2,1,55351,57377,2026
mu_torso_lat,self_focused_ub,upper_body,expert,57.377,58.483,1.106,f3g1a_p2r116,1,start,p2,1,57377,58483,1106
mu_torso_fwrd,self_focused_ub,upper_body,expert,58.483,59.297,0.814,f3g1a_p2r117,1,start,p2,1,58483,59297,814
mu_torso_back,self_focused_ub,upper_body,expert,59.297,60.19,0.893,f3g1a_p2r118,1,start,p2,1,59297,60190,893
mu_hand_left,self_focused_ub,upper_body,expert,60.594,61.438,0.844,f3g1a_p2r119,1,start,p2,1,60594,61438,844
mu_torso_back,context_focused_ub,upper_body,expert,61.438,61.926,0.488,f3g1a_p2r120,1,start,p2,1,61438,61926,488
mu_torso_lat,context_focused_ub,upper_body,expert,62.248,62.872,0.624,f3g1a_p2r121,1,start,p2,1,62248,62872,624
mu_ub_all,self_focused_ub,upper_body,expert,92.376,97.205,4.829,f3g1a_p2r122,1,start,p2,1,92376,97205,4829
mu_torso_lat,self_focused_ub,upper_body,expert,182.148,182.711,0.563,f3g1a_p2r123,1,start,p2,1,182148,182711,563
mu_shoulders_both,self_focused_ub,upper_body,expert,192.576,193.376,0.8,f3g1a_p2r124,1,start,p2,1,192576,193376,800
mu_ub_other,self_focused_ub,upper_body,expert,214.652,218.659,4.007,f3g1a_p2r125,1,start,p2,1,214652,218659,4007
mu_hand_left,self_focused_ub,upper_body,expert,220.139,220.423,0.284,f3g1a_p2r126,1,start,p2,1,220139,220423,284
mu_hand_left,self_focused_ub,upper_body,expert,222.581,226.212,3.631,f3g1a_p2r127,1,start,p2,1,222581,226212,3631
mu_hands_both,self_focused_ub,upper_body,expert,226.212,228.451,2.239,f3g1a_p2r128,1,start,p2,1,226212,228451,2239
mu_hand_right,self_focused_ub,upper_body,expert,228.451,234.274,5.823,f3g1a_p2r129,1,start,p2,1,228451,234274,5823
mu_hands_both,self_focused_ub,upper_body,expert,234.274,235.847,1.573,f3g1a_p2r130,1,start,p2,1,234274,235847,1573
mu_hand_left,self_focused_ub,upper_body,expert,241.105,241.319,0.214,f3g1a_p2r131,1,start,p2,1,241105,241319,214
mu_hand_left,self_focused_ub,upper_body,expert,247.387,247.638,0.251,f3g1a_p2r132,1,start,p2,1,247387,247638,251
mu_hand_right,self_focused_ub,upper_body,expert,252.849,253.026,0.177,f3g1a_p2r133,1,start,p2,1,252849,253026,177
mu_torso_lat,self_focused_ub,upper_body,expert,257.294,259.196,1.902,f3g1a_p2r134,1,start,p2,1,257294,259196,1902
mu_torso_lat,self_focused_ub,upper_body,expert,259.436,261.548,2.112,f3g1a_p2r135,1,start,p2,1,259436,261548,2112
mu_ub_all,self_focused_ub,upper_body,expert,262.051,262.884,0.833,f3g1a_p2r136,1,start,p2,1,262051,262884,833
mu_arm_right,self_focused_ub,upper_body,expert,262.884,298.288,35.404,f3g1a_p2r137,1,start,p2,1,262884,298288,35404
mu_torso_lat,self_focused_ub,upper_body,expert,298.288,300.157,1.869,f3g1a_p2r138,1,start,p2,1,298288,300157,1869
mu_torso_lat,self_focused_ub,upper_body,expert,300.157,301.658,1.501,f3g1a_p2r139,1,start,p2,1,300157,301658,1501
mu_arm_right,self_focused_ub,upper_body,expert,301.658,308.789,7.131,f3g1a_p2r140,1,start,p2,1,301658,308789,7131
mu_feet_both,self_focused_lb,lower_body,expert,11.878,14.98,3.102,f3g1a_p2r141,1,start,p2,1,11878,14980,3102
mu_foot_left,self_focused_lb,lower_body,expert,17.333,19.058,1.725,f3g1a_p2r142,1,start,p2,1,17333,19058,1725
mu_foot_right,self_focused_lb,lower_body,expert,19.691,21.032,1.341,f3g1a_p2r143,1,start,p2,1,19691,21032,1341
mu_lb_all,self_focused_lb,lower_body,expert,55.049,61.716,6.667,f3g1a_p2r144,1,start,p2,1,55049,61716,6667
mu_foot_right,self_focused_lb,lower_body,expert,65.136,65.549,0.413,f3g1a_p2r145,1,start,p2,1,65136,65549,413
mu_feet_both,self_focused_lb,lower_body,expert,68.96,70.472,1.512,f3g1a_p2r146,1,start,p2,1,68960,70472,1512
mu_lb_all,self_focused_lb,lower_body,expert,93.293,101.79,8.497,f3g1a_p2r147,1,start,p2,1,93293,101790,8497
mu_legs_both,self_focused_lb,lower_body,expert,120.611,122.591,1.98,f3g1a_p2r148,1,start,p2,1,120611,122591,1980
mu_feet_both,self_focused_lb,lower_body,expert,182.388,183.791,1.403,f3g1a_p2r149,1,start,p2,1,182388,183791,1403
mu_feet_both,self_focused_lb,lower_body,expert,193.109,194.072,0.963,f3g1a_p2r150,1,start,p2,1,193109,194072,963
mu_legs_both,self_focused_lb,lower_body,expert,194.506,197.375,2.869,f3g1a_p2r151,1,start,p2,1,194506,197375,2869
mu_feet_both,self_focused_lb,lower_body,expert,198.715,203.188,4.473,f3g1a_p2r152,1,start,p2,1,198715,203188,4473
mu_feet_both,self_focused_lb,lower_body,expert,206.176,212.333,6.157,f3g1a_p2r153,1,start,p2,1,206176,212333,6157
mu_lb_all,self_focused_lb,lower_body,expert,214.448,218.283,3.835,f3g1a_p2r154,1,start,p2,1,214448,218283,3835
mu_foot_right,self_focused_lb,lower_body,expert,240.698,241.451,0.753,f3g1a_p2r155,1,start,p2,1,240698,241451,753
mu_feet_both,self_focused_lb,lower_body,expert,257.307,258.824,1.517,f3g1a_p2r156,1,start,p2,1,257307,258824,1517
mu_foot_left,self_focused_lb,lower_body,expert,259.179,265.552,6.373,f3g1a_p2r157,1,start,p2,1,259179,265552,6373
mu_legs_both,self_focused_lb,lower_body,expert,281.648,282.911,1.263,f3g1a_p2r158,1,start,p2,1,281648,282911,1263
mu_lb_all,self_focused_lb,lower_body,expert,298.271,302.213,3.942,f3g1a_p2r159,1,start,p2,1,298271,302213,3942
sit_full,no,location,expert,0,360.01,360.01,f3g1a_p3r1,1,start,p3,1,0,360010,360010
gaze_to_gameT,no,gaze,expert,0,2.737,2.737,f3g1a_p3r1,1,start,p3,1,0,2737,2737
gaze_to_p4,no,gaze,expert,2.737,2.927,0.19,f3g1a_p3r1,1,start,p3,1,2737,2927,190
gaze_to_objT,no,gaze,expert,2.927,6.319,3.392,f3g1a_p3r1,1,start,p3,1,2927,6319,3392
gaze_to_gameT,no,gaze,expert,6.319,6.878,0.559,f3g1a_p3r1,1,start,p3,1,6319,6878,559
gaze_to_object_other,no,gaze,expert,6.878,9.101,2.223,f3g1a_p3r1,1,start,p3,1,6878,9101,2223
gaze_to_gameT,no,gaze,expert,9.101,10.067,0.966,f3g1a_p3r1,1,start,p3,1,9101,10067,966
gaze_to_p4,no,gaze,expert,10.067,11.264,1.197,f3g1a_p3r1,1,start,p3,1,10067,11264,1197
gaze_to_p6,no,gaze,expert,11.264,11.839,0.575,f3g1a_p3r1,1,start,p3,1,11264,11839,575
gaze_to_gameT,no,gaze,expert,11.839,12.725,0.886,f3g1a_p3r1,1,start,p3,1,11839,12725,886
gaze_to_objT,no,gaze,expert,12.725,13.744,1.019,f3g1a_p3r1,1,start,p3,1,12725,13744,1019
gaze_to_camera,no,gaze,expert,13.744,13.924,0.18,f3g1a_p3r1,1,start,p3,1,13744,13924,180
gaze_to_gameT,no,gaze,expert,13.924,14.904,0.98,f3g1a_p3r1,1,start,p3,1,13924,14904,980
gaze_to_objT,no,gaze,expert,14.904,19.176,4.272,f3g1a_p3r1,1,start,p3,1,14904,19176,4272
gaze_to_gameT,no,gaze,expert,19.176,20.252,1.076,f3g1a_p3r1,1,start,p3,1,19176,20252,1076
gaze_to_objT,no,gaze,expert,20.252,25.298,5.046,f3g1a_p3r1,1,start,p3,1,20252,25298,5046
gaze_to_gameT,no,gaze,expert,25.298,25.788,0.49,f3g1a_p3r1,1,start,p3,1,25298,25788,490
gaze_to_objT,no,gaze,expert,25.788,27.185,1.397,f3g1a_p3r1,1,start,p3,1,25788,27185,1397
gaze_to_gameT,no,gaze,expert,27.185,27.934,0.749,f3g1a_p3r1,1,start,p3,1,27185,27934,749
gaze_to_objT,no,gaze,expert,27.934,30.673,2.739,f3g1a_p3r1,1,start,p3,1,27934,30673,2739
gaze_to_gameT,no,gaze,expert,30.673,31.218,0.545,f3g1a_p3r1,1,start,p3,1,30673,31218,545
gaze_to_objT,no,gaze,expert,31.218,33.434,2.216,f3g1a_p3r1,1,start,p3,1,31218,33434,2216
gaze_to_gameT,no,gaze,expert,33.434,34.496,1.062,f3g1a_p3r1,1,start,p3,1,33434,34496,1062
gaze_to_objT,no,gaze,expert,34.496,41.087,6.591,f3g1a_p3r1,1,start,p3,1,34496,41087,6591
gaze_to_gameT,no,gaze,expert,41.087,41.478,0.391,f3g1a_p3r1,1,start,p3,1,41087,41478,391
gaze_to_objT,no,gaze,expert,41.478,43.148,1.67,f3g1a_p3r1,1,start,p3,1,41478,43148,1670
gaze_to_p6,no,gaze,expert,43.148,43.912,0.764,f3g1a_p3r1,1,start,p3,1,43148,43912,764
gaze_to_objT,no,gaze,expert,43.912,44.466,0.554,f3g1a_p3r1,1,start,p3,1,43912,44466,554
gaze_free,no,gaze,expert,44.466,45.693,1.227,f3g1a_p3r1,1,start,p3,1,44466,45693,1227
gaze_to_gameT,no,gaze,expert,45.693,46.214,0.521,f3g1a_p3r1,1,start,p3,1,45693,46214,521
gaze_to_objT,no,gaze,expert,46.214,51.985,5.771,f3g1a_p3r1,1,start,p3,1,46214,51985,5771
gaze_to_gameT,no,gaze,expert,51.985,54.059,2.074,f3g1a_p3r1,1,start,p3,1,51985,54059,2074
gaze_to_p5,no,gaze,expert,54.059,54.518,0.459,f3g1a_p3r1,1,start,p3,1,54059,54518,459
gaze_to_objT,no,gaze,expert,54.518,59.584,5.066,f3g1a_p3r1,1,start,p3,1,54518,59584,5066
gaze_free,no,gaze,expert,59.584,60.291,0.707,f3g1a_p3r1,1,start,p3,1,59584,60291,707
gaze_to_gameT,no,gaze,expert,60.291,60.924,0.633,f3g1a_p3r1,1,start,p3,1,60291,60924,633
gaze_to_p6,no,gaze,expert,60.924,61.224,0.3,f3g1a_p3r1,1,start,p3,1,60924,61224,300
gaze_to_p5,no,gaze,expert,61.224,61.784,0.56,f3g1a_p3r1,1,start,p3,1,61224,61784,560
gaze_to_gameT,no,gaze,expert,61.784,63.591,1.807,f3g1a_p3r1,1,start,p3,1,61784,63591,1807
gaze_to_p6,no,gaze,expert,63.591,64.231,0.64,f3g1a_p3r1,1,start,p3,1,63591,64231,640
gaze_free,no,gaze,expert,64.231,65.348,1.117,f3g1a_p3r1,1,start,p3,1,64231,65348,1117
gaze_to_objT,no,gaze,expert,65.348,66.316,0.968,f3g1a_p3r1,1,start,p3,1,65348,66316,968
gaze_to_p4,no,gaze,expert,66.316,67.703,1.387,f3g1a_p3r1,1,start,p3,1,66316,67703,1387
gaze_to_p6,no,gaze,expert,67.703,68.245,0.542,f3g1a_p3r1,1,start,p3,1,67703,68245,542
gaze_to_p4,no,gaze,expert,68.245,69.031,0.786,f3g1a_p3r1,1,start,p3,1,68245,69031,786
gaze_up,no,gaze,expert,69.031,69.631,0.6,f3g1a_p3r1,1,start,p3,1,69031,69631,600
gaze_to_objT,no,gaze,expert,69.631,70.892,1.261,f3g1a_p3r1,1,start,p3,1,69631,70892,1261
gaze_to_p4,no,gaze,expert,70.892,71.212,0.32,f3g1a_p3r1,1,start,p3,1,70892,71212,320
gaze_to_objT,no,gaze,expert,71.212,72.137,0.925,f3g1a_p3r1,1,start,p3,1,71212,72137,925
gaze_to_p4,no,gaze,expert,72.137,76.047,3.91,f3g1a_p3r1,1,start,p3,1,72137,76047,3910
gaze_to_gameT,no,gaze,expert,76.047,81.668,5.621,f3g1a_p3r1,1,start,p3,1,76047,81668,5621
gaze_to_p6,no,gaze,expert,81.668,82.152,0.484,f3g1a_p3r1,1,start,p3,1,81668,82152,484
gaze_to_p4,no,gaze,expert,82.152,92.767,10.615,f3g1a_p3r1,1,start,p3,1,82152,92767,10615
gaze_to_p5,no,gaze,expert,92.767,93.267,0.5,f3g1a_p3r1,1,start,p3,1,92767,93267,500
gaze_to_gameT,no,gaze,expert,93.267,106.652,13.385,f3g1a_p3r1,1,start,p3,1,93267,106652,13385
gaze_to_p6,no,gaze,expert,106.652,107.008,0.356,f3g1a_p3r1,1,start,p3,1,106652,107008,356
gaze_to_gameT,no,gaze,expert,107.008,113.311,6.303,f3g1a_p3r1,1,start,p3,1,107008,113311,6303
gaze_to_p6,no,gaze,expert,113.311,130.777,17.466,f3g1a_p3r1,1,start,p3,1,113311,130777,17466
gaze_to_objT,no,gaze,expert,130.777,134.343,3.566,f3g1a_p3r1,1,start,p3,1,130777,134343,3566
gaze_to_gameT,no,gaze,expert,134.343,136.498,2.155,f3g1a_p3r1,1,start,p3,1,134343,136498,2155
gaze_to_objT,no,gaze,expert,136.498,137.052,0.554,f3g1a_p3r1,1,start,p3,1,136498,137052,554
gaze_to_p6,no,gaze,expert,137.052,137.234,0.182,f3g1a_p3r1,1,start,p3,1,137052,137234,182
gaze_to_p4,no,gaze,expert,137.234,137.858,0.624,f3g1a_p3r1,1,start,p3,1,137234,137858,624
gaze_to_p6,no,gaze,expert,137.858,138.454,0.596,f3g1a_p3r1,1,start,p3,1,137858,138454,596
gaze_to_p5,no,gaze,expert,138.454,138.934,0.48,f3g1a_p3r1,1,start,p3,1,138454,138934,480
gaze_to_p6,no,gaze,expert,138.934,139.354,0.42,f3g1a_p3r1,1,start,p3,1,138934,139354,420
gaze_to_objT,no,gaze,expert,139.354,140.169,0.815,f3g1a_p3r1,1,start,p3,1,139354,140169,815
gaze_to_p4,no,gaze,expert,140.169,140.731,0.562,f3g1a_p3r1,1,start,p3,1,140169,140731,562
gaze_to_p4,no,gaze,expert,140.736,141.246,0.51,f3g1a_p3r1,1,start,p3,1,140736,141246,510
gaze_to_p6,no,gaze,expert,141.254,144.591,3.337,f3g1a_p3r1,1,start,p3,1,141254,144591,3337
gaze_to_p4,no,gaze,expert,144.591,145.975,1.384,f3g1a_p3r1,1,start,p3,1,144591,145975,1384
gaze_to_p6,no,gaze,expert,145.975,146.671,0.696,f3g1a_p3r1,1,start,p3,1,145975,146671,696
gaze_to_p6,no,gaze,expert,146.671,147.048,0.377,f3g1a_p3r1,1,start,p3,1,146671,147048,377
gaze_to_gameT,no,gaze,expert,147.048,150.219,3.171,f3g1a_p3r1,1,start,p3,1,147048,150219,3171
gaze_to_p6,no,gaze,expert,150.219,153.59,3.371,f3g1a_p3r1,1,start,p3,1,150219,153590,3371
gaze_to_p4,no,gaze,expert,153.59,154.195,0.605,f3g1a_p3r1,1,start,p3,1,153590,154195,605
gaze_to_gameT,no,gaze,expert,154.195,163.911,9.716,f3g1a_p3r1,1,start,p3,1,154195,163911,9716
gaze_to_p4,no,gaze,expert,163.911,164.432,0.521,f3g1a_p3r1,1,start,p3,1,163911,164432,521
gaze_to_gameT,no,gaze,expert,164.432,171.073,6.641,f3g1a_p3r1,1,start,p3,1,164432,171073,6641
gaze_free,no,gaze,expert,171.073,171.313,0.24,f3g1a_p3r1,1,start,p3,1,171073,171313,240
gaze_to_gameT,no,gaze,expert,171.313,177.57,6.257,f3g1a_p3r1,1,start,p3,1,171313,177570,6257
gaze_to_p6,no,gaze,expert,177.57,177.97,0.4,f3g1a_p3r1,1,start,p3,1,177570,177970,400
gaze_to_gameT,no,gaze,expert,177.97,189.19,11.22,f3g1a_p3r1,1,start,p3,1,177970,189190,11220
gaze_to_p5,no,gaze,expert,189.19,189.844,0.654,f3g1a_p3r1,1,start,p3,1,189190,189844,654
gaze_to_gameT,no,gaze,expert,189.844,196.331,6.487,f3g1a_p3r1,1,start,p3,1,189844,196331,6487
gaze_to_objT,no,gaze,expert,196.331,196.855,0.524,f3g1a_p3r1,1,start,p3,1,196331,196855,524
gaze_to_object_other,no,gaze,expert,196.855,198.812,1.957,f3g1a_p3r1,1,start,p3,1,196855,198812,1957
gaze_to_camera,no,gaze,expert,198.812,199.352,0.54,f3g1a_p3r1,1,start,p3,1,198812,199352,540
gaze_to_p4,no,gaze,expert,199.352,199.871,0.519,f3g1a_p3r1,1,start,p3,1,199352,199871,519
gaze_down,no,gaze,expert,199.871,200.23,0.359,f3g1a_p3r1,1,start,p3,1,199871,200230,359
gaze_to_gameT,no,gaze,expert,200.23,200.59,0.36,f3g1a_p3r1,1,start,p3,1,200230,200590,360
gaze_to_p5,no,gaze,expert,200.59,201.138,0.548,f3g1a_p3r1,1,start,p3,1,200590,201138,548
gaze_to_gameT,no,gaze,expert,201.138,205.691,4.553,f3g1a_p3r1,1,start,p3,1,201138,205691,4553
gaze_to_p6,no,gaze,expert,205.691,206.856,1.165,f3g1a_p3r1,1,start,p3,1,205691,206856,1165
gaze_to_gameT,no,gaze,expert,206.856,215.18,8.324,f3g1a_p3r1,1,start,p3,1,206856,215180,8324
gaze_to_p6,no,gaze,expert,215.18,215.58,0.4,f3g1a_p3r1,1,start,p3,1,215180,215580,400
gaze_to_gameT,no,gaze,expert,215.58,235.889,20.309,f3g1a_p3r1,1,start,p3,1,215580,235889,20309
gaze_to_p6,no,gaze,expert,235.889,236.352,0.463,f3g1a_p3r1,1,start,p3,1,235889,236352,463
gaze_to_gameT,no,gaze,expert,236.352,246.411,10.059,f3g1a_p3r1,1,start,p3,1,236352,246411,10059
gaze_to_p5,no,gaze,expert,246.411,246.831,0.42,f3g1a_p3r1,1,start,p3,1,246411,246831,420
gaze_to_gameT,no,gaze,expert,246.831,261.035,14.204,f3g1a_p3r1,1,start,p3,1,246831,261035,14204
gaze_to_p5,no,gaze,expert,261.035,263.213,2.178,f3g1a_p3r1,1,start,p3,1,261035,263213,2178
gaze_to_p6,no,gaze,expert,263.213,263.73,0.517,f3g1a_p3r1,1,start,p3,1,263213,263730,517
gaze_to_gameT,no,gaze,expert,263.73,264.871,1.141,f3g1a_p3r1,1,start,p3,1,263730,264871,1141
gaze_to_p6,no,gaze,expert,264.871,265.233,0.362,f3g1a_p3r1,1,start,p3,1,264871,265233,362
gaze_to_gameT,no,gaze,expert,265.233,266.816,1.583,f3g1a_p3r1,1,start,p3,1,265233,266816,1583
gaze_to_p5,no,gaze,expert,266.816,268.091,1.275,f3g1a_p3r1,1,start,p3,1,266816,268091,1275
gaze_to_gameT,no,gaze,expert,268.091,270.767,2.676,f3g1a_p3r1,1,start,p3,1,268091,270767,2676
gaze_to_p5,no,gaze,expert,270.767,273.169,2.402,f3g1a_p3r1,1,start,p3,1,270767,273169,2402
gaze_to_gameT,no,gaze,expert,273.169,287.373,14.204,f3g1a_p3r1,1,start,p3,1,273169,287373,14204
gaze_to_p6,no,gaze,expert,287.373,287.853,0.48,f3g1a_p3r1,1,start,p3,1,287373,287853,480
gaze_to_gameT,no,gaze,expert,287.853,288.404,0.551,f3g1a_p3r1,1,start,p3,1,287853,288404,551
gaze_to_p6,no,gaze,expert,288.404,289.37,0.966,f3g1a_p3r1,1,start,p3,1,288404,289370,966
gaze_to_gameT,no,gaze,expert,289.37,305.475,16.105,f3g1a_p3r1,1,start,p3,1,289370,305475,16105
gaze_to_p4,no,gaze,expert,305.475,306.175,0.7,f3g1a_p3r1,1,start,p3,1,305475,306175,700
gaze_to_gameT,no,gaze,expert,306.175,320.04,13.865,f3g1a_p3r1,1,start,p3,1,306175,320040,13865
gaze_to_p2,no,gaze,expert,320.04,321.39,1.35,f3g1a_p3r1,1,start,p3,1,320040,321390,1350
gaze_to_gameT,no,gaze,expert,321.39,322.631,1.241,f3g1a_p3r1,1,start,p3,1,321390,322631,1241
gaze_to_p6,no,gaze,expert,322.631,323.051,0.42,f3g1a_p3r1,1,start,p3,1,322631,323051,420
gaze_to_gameT,no,gaze,expert,323.051,336.056,13.005,f3g1a_p3r1,1,start,p3,1,323051,336056,13005
gaze_to_p6,no,gaze,expert,336.056,336.636,0.58,f3g1a_p3r1,1,start,p3,1,336056,336636,580
gaze_to_gameT,no,gaze,expert,336.636,342.538,5.902,f3g1a_p3r1,1,start,p3,1,336636,342538,5902
gaze_to_p5,no,gaze,expert,342.538,342.99,0.452,f3g1a_p3r1,1,start,p3,1,342538,342990,452
gaze_to_gameT,no,gaze,expert,342.99,346.38,3.39,f3g1a_p3r1,1,start,p3,1,342990,346380,3390
gaze_to_p2,no,gaze,expert,346.38,347.43,1.05,f3g1a_p3r1,1,start,p3,1,346380,347430,1050
gaze_to_gameT,no,gaze,expert,347.43,353.136,5.706,f3g1a_p3r1,1,start,p3,1,347430,353136,5706
gaze_to_p6,no,gaze,expert,353.136,353.616,0.48,f3g1a_p3r1,1,start,p3,1,353136,353616,480
gaze_to_p2,no,gaze,expert,353.616,354.036,0.42,f3g1a_p3r1,1,start,p3,1,353616,354036,420
gaze_to_p6,no,gaze,expert,354.036,354.423,0.387,f3g1a_p3r1,1,start,p3,1,354036,354423,387
gaze_to_gameT,no,gaze,expert,354.423,355.213,0.79,f3g1a_p3r1,1,start,p3,1,354423,355213,790
gaze_to_p6,no,gaze,expert,355.213,355.612,0.399,f3g1a_p3r1,1,start,p3,1,355213,355612,399
gaze_to_gameT,no,gaze,expert,355.612,360.019,4.407,f3g1a_p3r1,1,start,p3,1,355612,360019,4407
mu_head,self_focused_hf,head_face,expert,0,69.738,69.738,f3g1a_p3r1,1,start,p3,1,0,69738,69738
mu_head,context_focused_hf,head_face,expert,69.738,70.647,0.909,f3g1a_p3r1,1,start,p3,1,69738,70647,909
mu_mouth,self_focused_hf,head_face,expert,70.845,72.225,1.38,f3g1a_p3r1,1,start,p3,1,70845,72225,1380
mu_head,context_focused_hf,head_face,expert,73.295,76.948,3.653,f3g1a_p3r1,1,start,p3,1,73295,76948,3653
mu_mouth_head,self_focused_hf,head_face,expert,147.925,150.088,2.163,f3g1a_p3r1,1,start,p3,1,147925,150088,2163
mu_mouth,self_focused_hf,head_face,expert,155.698,158.053,2.355,f3g1a_p3r1,1,start,p3,1,155698,158053,2355
mu_mouth_head,self_focused_hf,head_face,expert,158.731,161.635,2.904,f3g1a_p3r1,1,start,p3,1,158731,161635,2904
mu_mouth_head,self_focused_hf,head_face,expert,164.817,167.399,2.582,f3g1a_p3r1,1,start,p3,1,164817,167399,2582
mu_mouth,self_focused_hf,head_face,expert,168.34,173.371,5.031,f3g1a_p3r1,1,start,p3,1,168340,173371,5031
mu_head,context_focused_hf,head_face,expert,196.55,201.047,4.497,f3g1a_p3r1,1,start,p3,1,196550,201047,4497
mu_mouth,self_focused_hf,head_face,expert,216.174,218.59,2.416,f3g1a_p3r1,1,start,p3,1,216174,218590,2416
mu_mouth,self_focused_hf,head_face,expert,219.619,221.49,1.871,f3g1a_p3r1,1,start,p3,1,219619,221490,1871
mu_mouth,self_focused_hf,head_face,expert,222.973,225.643,2.67,f3g1a_p3r1,1,start,p3,1,222973,225643,2670
mu_head,self_focused_hf,head_face,expert,232.966,234.627,1.661,f3g1a_p3r1,1,start,p3,1,232966,234627,1661
mu_head,context_focused_hf,head_face,expert,262.675,263.757,1.082,f3g1a_p3r1,1,start,p3,1,262675,263757,1082
mu_head,context_focused_hf,head_face,expert,266.63,268.211,1.581,f3g1a_p3r1,1,start,p3,1,266630,268211,1581
mu_mouth,self_focused_hf,head_face,expert,269.457,275.26,5.803,f3g1a_p3r1,1,start,p3,1,269457,275260,5803
mu_mouth_head,self_focused_hf,head_face,expert,307.348,310.228,2.88,f3g1a_p3r1,1,start,p3,1,307348,310228,2880
mu_mouth,self_focused_hf,head_face,expert,313.55,314.32,0.77,f3g1a_p3r1,1,start,p3,1,313550,314320,770
mu_head,context_focused_hf,head_face,expert,319.867,321.926,2.059,f3g1a_p3r1,1,start,p3,1,319867,321926,2059
mu_head,self_focused_hf,head_face,expert,335.548,339.31,3.762,f3g1a_p3r1,1,start,p3,1,335548,339310,3762
mu_head,context_focused_hf,head_face,expert,346.31,348.081,1.771,f3g1a_p3r1,1,start,p3,1,346310,348081,1771
mu_hand_right,self_focused_ub,upper_body,expert,0,70.328,70.328,f3g1a_p3r1,1,start,p3,1,0,70328,70328
mu_torso_fwrd,self_focused_ub,upper_body,expert,141.078,142.885,1.807,f3g1a_p3r1,1,start,p3,1,141078,142885,1807
mu_torso_back,self_focused_ub,upper_body,expert,142.885,144.193,1.308,f3g1a_p3r1,1,start,p3,1,142885,144193,1308
mu_ub_all,self_focused_ub,upper_body,expert,147.31,149.906,2.596,f3g1a_p3r1,1,start,p3,1,147310,149906,2596
mu_ub_all,self_focused_ub,upper_body,expert,164.839,169.198,4.359,f3g1a_p3r1,1,start,p3,1,164839,169198,4359
mu_ub_all,context_focused_ub,upper_body,expert,196.831,202.191,5.36,f3g1a_p3r1,1,start,p3,1,196831,202191,5360
mu_hands_both,self_focused_ub,upper_body,expert,230.953,265.092,34.139,f3g1a_p3r1,1,start,p3,1,230953,265092,34139
mu_ub_all,self_focused_ub,upper_body,expert,265.092,272.817,7.725,f3g1a_p3r1,1,start,p3,1,265092,272817,7725
mu_shoulders_both,self_focused_ub,upper_body,expert,306.925,310.17,3.245,f3g1a_p3r1,1,start,p3,1,306925,310170,3245
mu_ub_all,self_focused_ub,upper_body,expert,335.37,337.997,2.627,f3g1a_p3r1,1,start,p3,1,335370,337997,2627
mu_hands_both,self_focused_ub,upper_body,expert,337.997,348.95,10.953,f3g1a_p3r1,1,start,p3,1,337997,348950,10953
mu_hands_both,self_focused_ub,upper_body,expert,354.588,356.587,1.999,f3g1a_p3r1,1,start,p3,1,354588,356587,1999
mu_foot_left,self_focused_lb,lower_body,expert,60.151,65.27,5.119,f3g1a_p3r1,1,start,p3,1,60151,65270,5119
mu_foot_left,self_focused_lb,lower_body,expert,67.285,68.816,1.531,f3g1a_p3r1,1,start,p3,1,67285,68816,1531
mu_lb_limbs_both,self_focused_lb,lower_body,expert,141.45,144.171,2.721,f3g1a_p3r1,1,start,p3,1,141450,144171,2721
mu_legs_both,self_focused_lb,lower_body,expert,147.37,148.868,1.498,f3g1a_p3r1,1,start,p3,1,147370,148868,1498
mu_lb_limbs_both,self_focused_lb,lower_body,expert,149.57,151.97,2.4,f3g1a_p3r1,1,start,p3,1,149570,151970,2400
mu_legs_both,self_focused_lb,lower_body,expert,164.99,166.89,1.9,f3g1a_p3r1,1,start,p3,1,164990,166890,1900
mu_legs_both,self_focused_lb,lower_body,expert,196.94,202.205,5.265,f3g1a_p3r1,1,start,p3,1,196940,202205,5265
mu_legs_both,self_focused_lb,lower_body,expert,266.215,267.593,1.378,f3g1a_p3r1,1,start,p3,1,266215,267593,1378
mu_foot_left,self_focused_lb,lower_body,expert,268.095,268.966,0.871,f3g1a_p3r1,1,start,p3,1,268095,268966,871
mu_foot_left,self_focused_lb,lower_body,expert,269.488,270.427,0.939,f3g1a_p3r1,1,start,p3,1,269488,270427,939
mu_foot_left,self_focused_lb,lower_body,expert,270.725,271.574,0.849,f3g1a_p3r1,1,start,p3,1,270725,271574,849
mu_foot_left,self_focused_lb,lower_body,expert,308.525,309.299,0.774,f3g1a_p3r1,1,start,p3,1,308525,309299,774
sit_full,no,location,expert,0,65.509,65.509,f3g1a_p4r1,1,start,p4,1,0,65509,65509
goTo_prep,no,location,expert,65.509,68.357,2.848,f3g1a_p4r1,1,start,p4,1,65509,68357,2848
goTo_objT,no,location,expert,68.357,72.51,4.153,f3g1a_p4r1,1,start,p4,1,68357,72510,4153
stand_at_objT,no,location,expert,72.51,73.804,1.294,f3g1a_p4r1,1,start,p4,1,72510,73804,1294
goTo_gameT,no,location,expert,73.804,77.484,3.68,f3g1a_p4r1,1,start,p4,1,73804,77484,3680
stand_at_gameT,no,location,expert,77.484,140.219,62.735,f3g1a_p4r1,1,start,p4,1,77484,140219,62735
goTo_objT,no,location,expert,140.219,144.022,3.803,f3g1a_p4r1,1,start,p4,1,140219,144022,3803
goTo_4,no,location,expert,144.022,149.433,5.411,f3g1a_p4r1,1,start,p4,1,144022,149433,5411
settling,no,location,expert,149.433,163.652,14.219,f3g1a_p4r1,1,start,p4,1,149433,163652,14219
sit_full,no,location,expert,163.652,165.305,1.653,f3g1a_p4r1,1,start,p4,1,163652,165305,1653
settling,no,location,expert,165.305,170.273,4.968,f3g1a_p4r1,1,start,p4,1,165305,170273,4968
sit_full,no,location,expert,170.273,180.016,9.743,f3g1a_p4r1,1,start,p4,1,170273,180016,9743
settling,no,location,expert,180.016,187.147,7.131,f3g1a_p4r1,1,start,p4,1,180016,187147,7131
sit_full,no,location,expert,187.147,231.81,44.663,f3g1a_p4r1,1,start,p4,1,187147,231810,44663
settling,no,location,expert,231.81,238.725,6.915,f3g1a_p4r1,1,start,p4,1,231810,238725,6915
sit_full,no,location,expert,238.725,258.177,19.452,f3g1a_p4r1,1,start,p4,1,238725,258177,19452
settling,no,location,expert,258.181,267.34,9.159,f3g1a_p4r1,1,start,p4,1,258181,267340,9159
sit_full,no,location,expert,267.34,297.018,29.678,f3g1a_p4r1,1,start,p4,1,267340,297018,29678
settling,no,location,expert,297.018,302.034,5.016,f3g1a_p4r1,1,start,p4,1,297018,302034,5016
sit_full,no,location,expert,302.034,306.717,4.683,f3g1a_p4r1,1,start,p4,1,302034,306717,4683
settling,no,location,expert,306.717,311.158,4.441,f3g1a_p4r1,1,start,p4,1,306717,311158,4441
sit_full,no,location,expert,311.158,311.685,0.527,f3g1a_p4r1,1,start,p4,1,311158,311685,527
settling,no,location,expert,311.685,313.388,1.703,f3g1a_p4r1,1,start,p4,1,311685,313388,1703
sit_full,no,location,expert,313.388,337.836,24.448,f3g1a_p4r1,1,start,p4,1,313388,337836,24448
settling,no,location,expert,337.836,345.43,7.594,f3g1a_p4r1,1,start,p4,1,337836,345430,7594
sit_full,no,location,expert,345.43,357.458,12.028,f3g1a_p4r1,1,start,p4,1,345430,357458,12028
settling,no,location,expert,357.458,360.002,2.544,f3g1a_p4r1,1,start,p4,1,357458,360002,2544
game_action,no,game_action,expert,65.509,163.7,98.191,f3g1a_p4r1,1,start,p4,1,65509,163700,98191
gaze_free,no,gaze,expert,0,8.883,8.883,f3g1a_p4r1,1,start,p4,1,0,8883,8883
gaze_to_p3,no,gaze,expert,8.883,10.226,1.343,f3g1a_p4r1,1,start,p4,1,8883,10226,1343
gaze_to_gameT,no,gaze,expert,10.226,12.395,2.169,f3g1a_p4r1,1,start,p4,1,10226,12395,2169
gaze_down,no,gaze,expert,12.395,15.152,2.757,f3g1a_p4r1,1,start,p4,1,12395,15152,2757
gaze_to_gameT,no,gaze,expert,15.152,19.774,4.622,f3g1a_p4r1,1,start,p4,1,15152,19774,4622
gaze_to_p2,no,gaze,expert,19.774,20.625,0.851,f3g1a_p4r1,1,start,p4,1,19774,20625,851
gaze_to_gameT,no,gaze,expert,20.625,24.993,4.368,f3g1a_p4r1,1,start,p4,1,20625,24993,4368
gaze_to_p2,no,gaze,expert,24.993,27.194,2.201,f3g1a_p4r1,1,start,p4,1,24993,27194,2201
gaze_to_gameT,no,gaze,expert,27.194,28.999,1.805,f3g1a_p4r1,1,start,p4,1,27194,28999,1805
gaze_free,no,gaze,expert,28.999,30.342,1.343,f3g1a_p4r1,1,start,p4,1,28999,30342,1343
gaze_to_objT,no,gaze,expert,30.342,33.985,3.643,f3g1a_p4r1,1,start,p4,1,30342,33985,3643
gaze_to_p2,no,gaze,expert,33.985,35.274,1.289,f3g1a_p4r1,1,start,p4,1,33985,35274,1289
gaze_to_p3,no,gaze,expert,35.274,36.48,1.206,f3g1a_p4r1,1,start,p4,1,35274,36480,1206
gaze_to_gameT,no,gaze,expert,36.48,42.253,5.773,f3g1a_p4r1,1,start,p4,1,36480,42253,5773
gaze_to_objT,no,gaze,expert,42.253,45.204,2.951,f3g1a_p4r1,1,start,p4,1,42253,45204,2951
gaze_to_gameT,no,gaze,expert,45.204,52.785,7.581,f3g1a_p4r1,1,start,p4,1,45204,52785,7581
gaze_to_objT,no,gaze,expert,52.785,55.066,2.281,f3g1a_p4r1,1,start,p4,1,52785,55066,2281
gaze_to_p2,no,gaze,expert,55.066,56.179,1.113,f3g1a_p4r1,1,start,p4,1,55066,56179,1113
gaze_to_p3,no,gaze,expert,56.179,57.988,1.809,f3g1a_p4r1,1,start,p4,1,56179,57988,1809
gaze_to_objT,no,gaze,expert,57.988,58.756,0.768,f3g1a_p4r1,1,start,p4,1,57988,58756,768
gaze_to_gameT,no,gaze,expert,58.756,59.1,0.344,f3g1a_p4r1,1,start,p4,1,58756,59100,344
gaze_to_objT,no,gaze,expert,59.1,62.823,3.723,f3g1a_p4r1,1,start,p4,1,59100,62823,3723
gaze_to_gameT,no,gaze,expert,62.823,64.689,1.866,f3g1a_p4r1,1,start,p4,1,62823,64689,1866
gaze_to_objT,no,gaze,expert,64.689,66.058,1.369,f3g1a_p4r1,1,start,p4,1,64689,66058,1369
gaze_to_p2,no,gaze,expert,66.058,66.646,0.588,f3g1a_p4r1,1,start,p4,1,66058,66646,588
gaze_down,no,gaze,expert,66.646,67.718,1.072,f3g1a_p4r1,1,start,p4,1,66646,67718,1072
gaze_to_objT,no,gaze,expert,67.718,74.558,6.84,f3g1a_p4r1,1,start,p4,1,67718,74558,6840
gaze_to_gameT,no,gaze,expert,74.558,138.131,63.573,f3g1a_p4r1,1,start,p4,1,74558,138131,63573
gaze_to_p6,no,gaze,expert,138.131,139.059,0.928,f3g1a_p4r1,1,start,p4,1,138131,139059,928
gaze_to_gameT,no,gaze,expert,139.059,141.079,2.02,f3g1a_p4r1,1,start,p4,1,139059,141079,2020
gaze_to_objT,no,gaze,expert,141.079,144.479,3.4,f3g1a_p4r1,1,start,p4,1,141079,144479,3400
gaze_to_p6,no,gaze,expert,144.479,146.734,2.255,f3g1a_p4r1,1,start,p4,1,144479,146734,2255
gaze_down,no,gaze,expert,146.734,147.718,0.984,f3g1a_p4r1,1,start,p4,1,146734,147718,984
gaze_to_home,no,gaze,expert,147.718,148.166,0.448,f3g1a_p4r1,1,start,p4,1,147718,148166,448
gaze_to_p4,no,gaze,expert,148.166,149.909,1.743,f3g1a_p4r1,1,start,p4,1,148166,149909,1743
gaze_down,no,gaze,expert,149.909,151.043,1.134,f3g1a_p4r1,1,start,p4,1,149909,151043,1134
gaze_to_gameT,no,gaze,expert,151.043,153.865,2.822,f3g1a_p4r1,1,start,p4,1,151043,153865,2822
gaze_to_p6,no,gaze,expert,153.865,156.246,2.381,f3g1a_p4r1,1,start,p4,1,153865,156246,2381
gaze_to_p4,no,gaze,expert,156.246,158.616,2.37,f3g1a_p4r1,1,start,p4,1,156246,158616,2370
gaze_to_p2,no,gaze,expert,158.616,160.009,1.393,f3g1a_p4r1,1,start,p4,1,158616,160009,1393
gaze_to_p3,no,gaze,expert,160.009,160.839,0.83,f3g1a_p4r1,1,start,p4,1,160009,160839,830
gaze_to_p6,no,gaze,expert,160.839,161.421,0.582,f3g1a_p4r1,1,start,p4,1,160839,161421,582
gaze_to_p2,no,gaze,expert,161.421,163.118,1.697,f3g1a_p4r1,1,start,p4,1,161421,163118,1697
gaze_free,no,gaze,expert,163.118,171.338,8.22,f3g1a_p4r1,1,start,p4,1,163118,171338,8220
gaze_to_p2,no,gaze,expert,171.338,172.039,0.701,f3g1a_p4r1,1,start,p4,1,171338,172039,701
gaze_to_p3,no,gaze,expert,172.039,172.778,0.739,f3g1a_p4r1,1,start,p4,1,172039,172778,739
gaze_free,no,gaze,expert,172.778,177.565,4.787,f3g1a_p4r1,1,start,p4,1,172778,177565,4787
gaze_to_p2,no,gaze,expert,177.565,178.222,0.657,f3g1a_p4r1,1,start,p4,1,177565,178222,657
gaze_free,no,gaze,expert,178.222,179.842,1.62,f3g1a_p4r1,1,start,p4,1,178222,179842,1620
gaze_down,no,gaze,expert,179.842,180.475,0.633,f3g1a_p4r1,1,start,p4,1,179842,180475,633
gaze_down,no,gaze,expert,180.475,183.799,3.324,f3g1a_p4r1,1,start,p4,1,180475,183799,3324
gaze_to_p2,no,gaze,expert,183.799,186.036,2.237,f3g1a_p4r1,1,start,p4,1,183799,186036,2237
gaze_free,no,gaze,expert,186.036,197.173,11.137,f3g1a_p4r1,1,start,p4,1,186036,197173,11137
gaze_to_p3,no,gaze,expert,197.173,198.299,1.126,f3g1a_p4r1,1,start,p4,1,197173,198299,1126
gaze_to_p2,no,gaze,expert,198.299,199.295,0.996,f3g1a_p4r1,1,start,p4,1,198299,199295,996
gaze_free,no,gaze,expert,199.295,205.524,6.229,f3g1a_p4r1,1,start,p4,1,199295,205524,6229
gaze_to_p2,no,gaze,expert,205.524,207.478,1.954,f3g1a_p4r1,1,start,p4,1,205524,207478,1954
gaze_to_p2,no,gaze,expert,207.478,215.098,7.62,f3g1a_p4r1,1,start,p4,1,207478,215098,7620
gaze_down,no,gaze,expert,215.098,216.518,1.42,f3g1a_p4r1,1,start,p4,1,215098,216518,1420
gaze_to_p2,no,gaze,expert,216.518,218.677,2.159,f3g1a_p4r1,1,start,p4,1,216518,218677,2159
gaze_to_p3,no,gaze,expert,218.677,220.009,1.332,f3g1a_p4r1,1,start,p4,1,218677,220009,1332
gaze_down,no,gaze,expert,220.009,223.379,3.37,f3g1a_p4r1,1,start,p4,1,220009,223379,3370
gaze_to_p3,no,gaze,expert,223.379,224.211,0.832,f3g1a_p4r1,1,start,p4,1,223379,224211,832
gaze_down,no,gaze,expert,224.211,224.611,0.4,f3g1a_p4r1,1,start,p4,1,224211,224611,400
gaze_to_p1,no,gaze,expert,224.611,225.09,0.479,f3g1a_p4r1,1,start,p4,1,224611,225090,479
gaze_down,no,gaze,expert,225.09,233.215,8.125,f3g1a_p4r1,1,start,p4,1,225090,233215,8125
gaze_to_gameT,no,gaze,expert,233.215,237.781,4.566,f3g1a_p4r1,1,start,p4,1,233215,237781,4566
gaze_down,no,gaze,expert,237.781,241.102,3.321,f3g1a_p4r1,1,start,p4,1,237781,241102,3321
gaze_down,no,gaze,expert,241.102,241.656,0.554,f3g1a_p4r1,1,start,p4,1,241102,241656,554
gaze_to_p2,no,gaze,expert,241.656,243.525,1.869,f3g1a_p4r1,1,start,p4,1,241656,243525,1869
gaze_to_gameT,no,gaze,expert,243.525,252.552,9.027,f3g1a_p4r1,1,start,p4,1,243525,252552,9027
gaze_to_p3,no,gaze,expert,252.552,253.134,0.582,f3g1a_p4r1,1,start,p4,1,252552,253134,582
gaze_to_p2,no,gaze,expert,253.134,253.966,0.832,f3g1a_p4r1,1,start,p4,1,253134,253966,832
gaze_to_gameT,no,gaze,expert,253.966,254.98,1.014,f3g1a_p4r1,1,start,p4,1,253966,254980,1014
gaze_to_p2,no,gaze,expert,254.98,255.778,0.798,f3g1a_p4r1,1,start,p4,1,254980,255778,798
gaze_to_gameT,no,gaze,expert,255.778,262.684,6.906,f3g1a_p4r1,1,start,p4,1,255778,262684,6906
gaze_to_p4,no,gaze,expert,262.684,263.703,1.019,f3g1a_p4r1,1,start,p4,1,262684,263703,1019
gaze_to_gameT,no,gaze,expert,263.703,265.463,1.76,f3g1a_p4r1,1,start,p4,1,263703,265463,1760
gaze_down,no,gaze,expert,265.463,266.304,0.841,f3g1a_p4r1,1,start,p4,1,265463,266304,841
gaze_to_p6,no,gaze,expert,266.304,268.583,2.279,f3g1a_p4r1,1,start,p4,1,266304,268583,2279
gaze_to_p5,no,gaze,expert,268.583,269.046,0.463,f3g1a_p4r1,1,start,p4,1,268583,269046,463
gaze_free,no,gaze,expert,269.046,269.639,0.593,f3g1a_p4r1,1,start,p4,1,269046,269639,593
gaze_down,no,gaze,expert,269.639,271.396,1.757,f3g1a_p4r1,1,start,p4,1,269639,271396,1757
gaze_free,no,gaze,expert,271.396,290.927,19.531,f3g1a_p4r1,1,start,p4,1,271396,290927,19531
gaze_to_p6,no,gaze,expert,290.927,291.469,0.542,f3g1a_p4r1,1,start,p4,1,290927,291469,542
gaze_free,no,gaze,expert,291.469,297.338,5.869,f3g1a_p4r1,1,start,p4,1,291469,297338,5869
gaze_to_gameT,no,gaze,expert,297.338,298.915,1.577,f3g1a_p4r1,1,start,p4,1,297338,298915,1577
gaze_to_p5,no,gaze,expert,298.915,303.244,4.329,f3g1a_p4r1,1,start,p4,1,298915,303244,4329
gaze_to_p3,no,gaze,expert,303.244,304.168,0.924,f3g1a_p4r1,1,start,p4,1,303244,304168,924
gaze_to_p4,no,gaze,expert,304.168,305.121,0.953,f3g1a_p4r1,1,start,p4,1,304168,305121,953
gaze_to_p3,no,gaze,expert,305.121,305.919,0.798,f3g1a_p4r1,1,start,p4,1,305121,305919,798
gaze_to_p4,no,gaze,expert,305.919,312.306,6.387,f3g1a_p4r1,1,start,p4,1,305919,312306,6387
gaze_free,no,gaze,expert,312.306,326.164,13.858,f3g1a_p4r1,1,start,p4,1,312306,326164,13858
gaze_free,no,gaze,expert,326.164,330.26,4.096,f3g1a_p4r1,1,start,p4,1,326164,330260,4096
gaze_to_gameT,no,gaze,expert,330.26,354.597,24.337,f3g1a_p4r1,1,start,p4,1,330260,354597,24337
gaze_to_gameT,no,gaze,expert,354.597,355.123,0.526,f3g1a_p4r1,1,start,p4,1,354597,355123,526
gaze_to_gameT,no,gaze,expert,355.123,358.622,3.499,f3g1a_p4r1,1,start,p4,1,355123,358622,3499
gaze_to_gameT,no,gaze,expert,358.622,359.663,1.041,f3g1a_p4r1,1,start,p4,1,358622,359663,1041
gaze_to_gameT,no,gaze,expert,359.663,360,0.337,f3g1a_p4r1,1,start,p4,1,359663,360000,337
mu_mouth_head,context_focused_hf,head_face,expert,9.002,13.61,4.608,f3g1a_p4r1,1,start,p4,1,9002,13610,4608
mu_head,context_focused_hf,head_face,expert,28.588,33.933,5.345,f3g1a_p4r1,1,start,p4,1,28588,33933,5345
mu_head,context_focused_hf,head_face,expert,33.933,35.933,2,f3g1a_p4r1,1,start,p4,1,33933,35933,2000
mu_eyes_brows_head,context_focused_hf,head_face,expert,47.079,48.159,1.08,f3g1a_p4r1,1,start,p4,1,47079,48159,1080
mu_head,context_focused_hf,head_face,expert,58.811,62.717,3.906,f3g1a_p4r1,1,start,p4,1,58811,62717,3906
mu_head,context_focused_hf,head_face,expert,63.014,63.359,0.345,f3g1a_p4r1,1,start,p4,1,63014,63359,345
mu_head,self_focused_hf,head_face,expert,171.404,172.162,0.758,f3g1a_p4r1,1,start,p4,1,171404,172162,758
mu_head,context_focused_hf,head_face,expert,180.763,181.513,0.75,f3g1a_p4r1,1,start,p4,1,180763,181513,750
mu_eyes_brows,context_focused_hf,head_face,expert,183.711,184.315,0.604,f3g1a_p4r1,1,start,p4,1,183711,184315,604
mu_head,context_focused_hf,head_face,expert,201.588,204.098,2.51,f3g1a_p4r1,1,start,p4,1,201588,204098,2510
mu_eyes_brows_head,context_focused_hf,head_face,expert,205.462,206.002,0.54,f3g1a_p4r1,1,start,p4,1,205462,206002,540
mu_eyes_brows_head,context_focused_hf,head_face,expert,207.479,207.959,0.48,f3g1a_p4r1,1,start,p4,1,207479,207959,480
mu_head,context_focused_hf,head_face,expert,231.75,238.286,6.536,f3g1a_p4r1,1,start,p4,1,231750,238286,6536
mu_mouth,self_focused_hf,head_face,expert,246.24,258.15,11.91,f3g1a_p4r1,1,start,p4,1,246240,258150,11910
mu_mouth_head,self_focused_hf,head_face,expert,258.15,266.563,8.413,f3g1a_p4r1,1,start,p4,1,258150,266563,8413
mu_head,context_focused_hf,head_face,expert,268.559,269.165,0.606,f3g1a_p4r1,1,start,p4,1,268559,269165,606
mu_head,self_focused_hf,head_face,expert,297.007,300.007,3,f3g1a_p4r1,1,start,p4,1,297007,300007,3000
mu_mouth_head,self_focused_hf,head_face,expert,306.727,311.196,4.469,f3g1a_p4r1,1,start,p4,1,306727,311196,4469
mu_head,self_focused_hf,head_face,expert,311.832,313.413,1.581,f3g1a_p4r1,1,start,p4,1,311832,313413,1581
mu_head,self_focused_hf,head_face,expert,343.055,345.097,2.042,f3g1a_p4r1,1,start,p4,1,343055,345097,2042
mu_face_head,context_focused_hf,head_face,expert,358.47,360.01,1.54,f3g1a_p4r1,1,start,p4,1,358470,360010,1540
mu_ub_all,self_focused_ub,upper_body,expert,9.442,12.337,2.895,f3g1a_p4r1,1,start,p4,1,9442,12337,2895
mu_ub_all,context_focused_ub,upper_body,expert,28.137,30.14,2.003,f3g1a_p4r1,1,start,p4,1,28137,30140,2003
mu_hand_right,self_focused_ub,upper_body,expert,30.14,46.649,16.509,f3g1a_p4r1,1,start,p4,1,30140,46649,16509
mu_hand_right,context_focused_ub,upper_body,expert,46.649,50.338,3.689,f3g1a_p4r1,1,start,p4,1,46649,50338,3689
mu_hand_right,self_focused_ub,upper_body,expert,50.751,57.913,7.162,f3g1a_p4r1,1,start,p4,1,50751,57913,7162
mu_ub_all,self_focused_ub,upper_body,expert,57.913,62.112,4.199,f3g1a_p4r1,1,start,p4,1,57913,62112,4199
mu_ub_limb_both,self_focused_ub,upper_body,expert,165.313,166.15,0.837,f3g1a_p4r1,1,start,p4,1,165313,166150,837
mu_ub_limb_both,self_focused_ub,upper_body,expert,166.15,167.533,1.383,f3g1a_p4r1,1,start,p4,1,166150,167533,1383
mu_ub_limb_both,self_focused_ub,upper_body,expert,167.533,168.818,1.285,f3g1a_p4r1,1,start,p4,1,167533,168818,1285
mu_ub_all,context_focused_ub,upper_body,expert,180.025,182.57,2.545,f3g1a_p4r1,1,start,p4,1,180025,182570,2545
mu_hand_left,context_focused_ub,upper_body,expert,201.677,204.819,3.142,f3g1a_p4r1,1,start,p4,1,201677,204819,3142
mu_hand_left,context_focused_ub,upper_body,expert,231.852,232.473,0.621,f3g1a_p4r1,1,start,p4,1,231852,232473,621
mu_ub_all,self_focused_ub,upper_body,expert,232.473,234.827,2.354,f3g1a_p4r1,1,start,p4,1,232473,234827,2354
mu_ub_all,self_focused_ub,upper_body,expert,234.827,237.239,2.412,f3g1a_p4r1,1,start,p4,1,234827,237239,2412
mu_ub_all,self_focused_ub,upper_body,expert,258.518,261.209,2.691,f3g1a_p4r1,1,start,p4,1,258518,261209,2691
mu_ub_limb_both,self_focused_ub,upper_body,expert,261.209,262.051,0.842,f3g1a_p4r1,1,start,p4,1,261209,262051,842
mu_ub_all,context_focused_ub,upper_body,expert,262.051,266.833,4.782,f3g1a_p4r1,1,start,p4,1,262051,266833,4782
mu_ub_all,self_focused_ub,upper_body,expert,296.957,300.484,3.527,f3g1a_p4r1,1,start,p4,1,296957,300484,3527
mu_hand_right,self_focused_ub,upper_body,expert,305.333,306.542,1.209,f3g1a_p4r1,1,start,p4,1,305333,306542,1209
mu_shoulder_right,self_focused_ub,upper_body,expert,306.879,307.827,0.948,f3g1a_p4r1,1,start,p4,1,306879,307827,948
mu_ub_limb_right,self_focused_ub,upper_body,expert,307.827,308.969,1.142,f3g1a_p4r1,1,start,p4,1,307827,308969,1142
mu_shoulders_both,self_focused_ub,upper_body,expert,308.969,311.07,2.101,f3g1a_p4r1,1,start,p4,1,308969,311070,2101
mu_ub_limb_right,self_focused_ub,upper_body,expert,311.478,313.173,1.695,f3g1a_p4r1,1,start,p4,1,311478,313173,1695
mu_arm_right,self_focused_ub,upper_body,expert,313.189,313.429,0.24,f3g1a_p4r1,1,start,p4,1,313189,313429,240
mu_torso_back,self_focused_ub,upper_body,expert,337.717,339.772,2.055,f3g1a_p4r1,1,start,p4,1,337717,339772,2055
mu_ub_limb_right,self_focused_ub,upper_body,expert,339.772,341.089,1.317,f3g1a_p4r1,1,start,p4,1,339772,341089,1317
mu_torso_fwrd,self_focused_ub,upper_body,expert,341.089,342.789,1.7,f3g1a_p4r1,1,start,p4,1,341089,342789,1700
mu_torso_back,self_focused_ub,upper_body,expert,357.211,358.705,1.494,f3g1a_p4r1,1,start,p4,1,357211,358705,1494
mu_ub_limb_left,context_focused_ub,upper_body,expert,358.705,360.003,1.298,f3g1a_p4r1,1,start,p4,1,358705,360003,1298
mu_lb_limbs_both,self_focused_lb,lower_body,expert,10.501,15.197,4.696,f3g1a_p4r1,1,start,p4,1,10501,15197,4696
mu_foot_left,self_focused_lb,lower_body,expert,29.835,30.529,0.694,f3g1a_p4r1,1,start,p4,1,29835,30529,694
mu_lb_limbs_both,self_focused_lb,lower_body,expert,58.915,63.916,5.001,f3g1a_p4r1,1,start,p4,1,58915,63916,5001
mu_lb_all,self_focused_lb,lower_body,expert,165.305,170.332,5.027,f3g1a_p4r1,1,start,p4,1,165305,170332,5027
mu_lb_all,self_focused_lb,lower_body,expert,180.016,181.791,1.775,f3g1a_p4r1,1,start,p4,1,180016,181791,1775
mu_feet_both,self_focused_lb,lower_body,expert,181.791,187.256,5.465,f3g1a_p4r1,1,start,p4,1,181791,187256,5465
mu_foot_left,self_focused_lb,lower_body,expert,203.459,204.334,0.875,f3g1a_p4r1,1,start,p4,1,203459,204334,875
mu_foot_left,self_focused_lb,lower_body,expert,205.67,208.398,2.728,f3g1a_p4r1,1,start,p4,1,205670,208398,2728
mu_foot_right,self_focused_lb,lower_body,expert,232.283,233.411,1.128,f3g1a_p4r1,1,start,p4,1,232283,233411,1128
mu_feet_both,self_focused_lb,lower_body,expert,233.713,237.583,3.87,f3g1a_p4r1,1,start,p4,1,233713,237583,3870
mu_lb_limbs_both,self_focused_lb,lower_body,expert,259.628,268.488,8.86,f3g1a_p4r1,1,start,p4,1,259628,268488,8860
mu_lb_limbs_both,self_focused_lb,lower_body,expert,296.947,302.041,5.094,f3g1a_p4r1,1,start,p4,1,296947,302041,5094
mu_legs_both,self_focused_lb,lower_body,expert,307.922,309.454,1.532,f3g1a_p4r1,1,start,p4,1,307922,309454,1532
mu_legs_both,self_focused_lb,lower_body,expert,311.365,313.159,1.794,f3g1a_p4r1,1,start,p4,1,311365,313159,1794
mu_lb_limbs_both,self_focused_lb,lower_body,expert,339.316,345.767,6.451,f3g1a_p4r1,1,start,p4,1,339316,345767,6451
sit_full,no,location,expert,0,162.842,162.842,f3g1a_p5r1,1,start,p5,1,0,162842,162842
settling,no,location,expert,162.842,171.395,8.553,f3g1a_p5r1,1,start,p5,1,162842,171395,8553
sit_full,no,location,expert,171.395,198.093,26.698,f3g1a_p5r1,1,start,p5,1,171395,198093,26698
settling,no,location,expert,198.093,201.246,3.153,f3g1a_p5r1,1,start,p5,1,198093,201246,3153
sit_full,no,location,expert,201.246,260.127,58.881,f3g1a_p5r1,1,start,p5,1,201246,260127,58881
goTo_prep,no,location,expert,260.127,262.437,2.31,f3g1a_p5r1,1,start,p5,1,260127,262437,2310
goTo_objT,no,location,expert,262.437,266.931,4.494,f3g1a_p5r1,1,start,p5,1,262437,266931,4494
stand_at_objT,no,location,expert,266.931,267.836,0.905,f3g1a_p5r1,1,start,p5,1,266931,267836,905
goTo_gameT,no,location,expert,267.836,268.623,0.787,f3g1a_p5r1,1,start,p5,1,267836,268623,787
goTo_objT,no,location,expert,268.624,269.489,0.865,f3g1a_p5r1,1,start,p5,1,268624,269489,865
goTo_gameT,no,location,expert,269.489,273.477,3.988,f3g1a_p5r1,1,start,p5,1,269489,273477,3988
stand_at_gameT,no,location,expert,273.477,360.008,86.531,f3g1a_p5r1,1,start,p5,1,273477,360008,86531
game_action,no,game_action,expert,260.127,360,99.873,f3g1a_p5r1,1,start,p5,1,260127,360000,99873
gaze_free,no,gaze,expert,0,0.109,0.109,f3g1a_p5r1,1,start,p5,1,0,109,109
gaze_to_gameT,no,gaze,expert,0.109,1.163,1.054,f3g1a_p5r1,1,start,p5,1,109,1163,1054
gaze_free,no,gaze,expert,1.163,3.57,2.407,f3g1a_p5r1,1,start,p5,1,1163,3570,2407
gaze_free,no,gaze,expert,3.57,4.199,0.629,f3g1a_p5r1,1,start,p5,1,3570,4199,629
gaze_to_gameT,no,gaze,expert,4.199,5.588,1.389,f3g1a_p5r1,1,start,p5,1,4199,5588,1389
gaze_to_p2,no,gaze,expert,5.588,6.056,0.468,f3g1a_p5r1,1,start,p5,1,5588,6056,468
gaze_to_gameT,no,gaze,expert,6.056,6.272,0.216,f3g1a_p5r1,1,start,p5,1,6056,6272,216
gaze_to_p2,no,gaze,expert,6.272,6.712,0.44,f3g1a_p5r1,1,start,p5,1,6272,6712,440
gaze_to_p1,no,gaze,expert,6.712,7.092,0.38,f3g1a_p5r1,1,start,p5,1,6712,7092,380
gaze_to_p2,no,gaze,expert,7.092,7.268,0.176,f3g1a_p5r1,1,start,p5,1,7092,7268,176
gaze_to_gameT,no,gaze,expert,7.268,7.943,0.675,f3g1a_p5r1,1,start,p5,1,7268,7943,675
gaze_to_p2,no,gaze,expert,7.943,8.306,0.363,f3g1a_p5r1,1,start,p5,1,7943,8306,363
gaze_to_p3,no,gaze,expert,8.306,8.843,0.537,f3g1a_p5r1,1,start,p5,1,8306,8843,537
gaze_to_gameT,no,gaze,expert,8.843,27.209,18.366,f3g1a_p5r1,1,start,p5,1,8843,27209,18366
gaze_free,no,gaze,expert,27.209,32.406,5.197,f3g1a_p5r1,1,start,p5,1,27209,32406,5197
gaze_to_gameT,no,gaze,expert,32.406,33.526,1.12,f3g1a_p5r1,1,start,p5,1,32406,33526,1120
gaze_to_p2,no,gaze,expert,33.526,34.364,0.838,f3g1a_p5r1,1,start,p5,1,33526,34364,838
gaze_free,no,gaze,expert,34.364,52.41,18.046,f3g1a_p5r1,1,start,p5,1,34364,52410,18046
gaze_to_p5,no,gaze,expert,52.41,55.339,2.929,f3g1a_p5r1,1,start,p5,1,52410,55339,2929
gaze_to_gameT,no,gaze,expert,55.339,57.023,1.684,f3g1a_p5r1,1,start,p5,1,55339,57023,1684
gaze_to_p2,no,gaze,expert,57.023,57.455,0.432,f3g1a_p5r1,1,start,p5,1,57023,57455,432
gaze_free,no,gaze,expert,57.455,62.615,5.16,f3g1a_p5r1,1,start,p5,1,57455,62615,5160
gaze_to_p2,no,gaze,expert,62.615,63.498,0.883,f3g1a_p5r1,1,start,p5,1,62615,63498,883
gaze_free,no,gaze,expert,63.498,65.903,2.405,f3g1a_p5r1,1,start,p5,1,63498,65903,2405
gaze_to_p5,no,gaze,expert,65.903,68.596,2.693,f3g1a_p5r1,1,start,p5,1,65903,68596,2693
gaze_to_objT,no,gaze,expert,68.596,74.327,5.731,f3g1a_p5r1,1,start,p5,1,68596,74327,5731
gaze_to_p4,no,gaze,expert,74.327,99.503,25.176,f3g1a_p5r1,1,start,p5,1,74327,99503,25176
gaze_to_p2,no,gaze,expert,99.503,99.891,0.388,f3g1a_p5r1,1,start,p5,1,99503,99891,388
gaze_to_p4,no,gaze,expert,99.891,104.218,4.327,f3g1a_p5r1,1,start,p5,1,99891,104218,4327
gaze_to_objT,no,gaze,expert,104.218,111.164,6.946,f3g1a_p5r1,1,start,p5,1,104218,111164,6946
gaze_to_p4,no,gaze,expert,111.164,114.276,3.112,f3g1a_p5r1,1,start,p5,1,111164,114276,3112
gaze_to_p6,no,gaze,expert,114.276,120.104,5.828,f3g1a_p5r1,1,start,p5,1,114276,120104,5828
gaze_to_gameT,no,gaze,expert,120.104,135.738,15.634,f3g1a_p5r1,1,start,p5,1,120104,135738,15634
gaze_to_p6,no,gaze,expert,135.738,137.203,1.465,f3g1a_p5r1,1,start,p5,1,135738,137203,1465
gaze_to_gameT,no,gaze,expert,137.203,138.552,1.349,f3g1a_p5r1,1,start,p5,1,137203,138552,1349
gaze_to_p6,no,gaze,expert,138.552,139.308,0.756,f3g1a_p5r1,1,start,p5,1,138552,139308,756
gaze_to_gameT,no,gaze,expert,139.308,139.918,0.61,f3g1a_p5r1,1,start,p5,1,139308,139918,610
gaze_to_p6,no,gaze,expert,139.918,140.538,0.62,f3g1a_p5r1,1,start,p5,1,139918,140538,620
gaze_free,no,gaze,expert,140.538,140.804,0.266,f3g1a_p5r1,1,start,p5,1,140538,140804,266
gaze_to_gameT,no,gaze,expert,140.804,143.227,2.423,f3g1a_p5r1,1,start,p5,1,140804,143227,2423
gaze_to_objT,no,gaze,expert,143.227,148.53,5.303,f3g1a_p5r1,1,start,p5,1,143227,148530,5303
gaze_to_gameT,no,gaze,expert,148.53,150.903,2.373,f3g1a_p5r1,1,start,p5,1,148530,150903,2373
gaze_to_p6,no,gaze,expert,150.903,152.058,1.155,f3g1a_p5r1,1,start,p5,1,150903,152058,1155
gaze_free,no,gaze,expert,152.058,154.592,2.534,f3g1a_p5r1,1,start,p5,1,152058,154592,2534
gaze_to_p3,no,gaze,expert,154.592,156.034,1.442,f3g1a_p5r1,1,start,p5,1,154592,156034,1442
gaze_to_p6,no,gaze,expert,156.034,156.284,0.25,f3g1a_p5r1,1,start,p5,1,156034,156284,250
gaze_free,no,gaze,expert,156.284,158.687,2.403,f3g1a_p5r1,1,start,p5,1,156284,158687,2403
gaze_to_p6,no,gaze,expert,158.687,159.264,0.577,f3g1a_p5r1,1,start,p5,1,158687,159264,577
gaze_to_gameT,no,gaze,expert,159.264,160.354,1.09,f3g1a_p5r1,1,start,p5,1,159264,160354,1090
gaze_to_p3,no,gaze,expert,160.354,161.45,1.096,f3g1a_p5r1,1,start,p5,1,160354,161450,1096
gaze_to_gameT,no,gaze,expert,161.45,163.04,1.59,f3g1a_p5r1,1,start,p5,1,161450,163040,1590
gaze_to_p2,no,gaze,expert,163.04,163.795,0.755,f3g1a_p5r1,1,start,p5,1,163040,163795,755
gaze_free,no,gaze,expert,163.795,164.184,0.389,f3g1a_p5r1,1,start,p5,1,163795,164184,389
gaze_to_p5,no,gaze,expert,164.184,164.845,0.661,f3g1a_p5r1,1,start,p5,1,164184,164845,661
gaze_to_gameT,no,gaze,expert,164.845,165.994,1.149,f3g1a_p5r1,1,start,p5,1,164845,165994,1149
gaze_down,no,gaze,expert,165.994,167.787,1.793,f3g1a_p5r1,1,start,p5,1,165994,167787,1793
gaze_to_gameT,no,gaze,expert,167.787,172.193,4.406,f3g1a_p5r1,1,start,p5,1,167787,172193,4406
gaze_down,no,gaze,expert,172.193,173.478,1.285,f3g1a_p5r1,1,start,p5,1,172193,173478,1285
gaze_to_gameT,no,gaze,expert,173.478,183.863,10.385,f3g1a_p5r1,1,start,p5,1,173478,183863,10385
gaze_to_p2,no,gaze,expert,183.863,184.211,0.348,f3g1a_p5r1,1,start,p5,1,183863,184211,348
gaze_to_gameT,no,gaze,expert,184.211,187.378,3.167,f3g1a_p5r1,1,start,p5,1,184211,187378,3167
gaze_free,no,gaze,expert,187.378,187.845,0.467,f3g1a_p5r1,1,start,p5,1,187378,187845,467
gaze_to_gameT,no,gaze,expert,187.845,197.569,9.724,f3g1a_p5r1,1,start,p5,1,187845,197569,9724
gaze_to_p3,no,gaze,expert,197.569,197.93,0.361,f3g1a_p5r1,1,start,p5,1,197569,197930,361
gaze_to_p2,no,gaze,expert,197.93,198.019,0.089,f3g1a_p5r1,1,start,p5,1,197930,198019,89
gaze_to_gameT,no,gaze,expert,198.019,206.868,8.849,f3g1a_p5r1,1,start,p5,1,198019,206868,8849
gaze_to_p6,no,gaze,expert,206.868,207.453,0.585,f3g1a_p5r1,1,start,p5,1,206868,207453,585
gaze_to_gameT,no,gaze,expert,207.453,211.714,4.261,f3g1a_p5r1,1,start,p5,1,207453,211714,4261
gaze_down,no,gaze,expert,211.714,212.254,0.54,f3g1a_p5r1,1,start,p5,1,211714,212254,540
gaze_to_gameT,no,gaze,expert,212.254,224.665,12.411,f3g1a_p5r1,1,start,p5,1,212254,224665,12411
gaze_down,no,gaze,expert,224.665,233.967,9.302,f3g1a_p5r1,1,start,p5,1,224665,233967,9302
gaze_to_gameT,no,gaze,expert,233.967,236.611,2.644,f3g1a_p5r1,1,start,p5,1,233967,236611,2644
gaze_to_objT,no,gaze,expert,236.611,245.417,8.806,f3g1a_p5r1,1,start,p5,1,236611,245417,8806
gaze_to_gameT,no,gaze,expert,245.417,251.684,6.267,f3g1a_p5r1,1,start,p5,1,245417,251684,6267
gaze_to_objT,no,gaze,expert,251.684,257.732,6.048,f3g1a_p5r1,1,start,p5,1,251684,257732,6048
gaze_to_gameT,no,gaze,expert,257.732,261.64,3.908,f3g1a_p5r1,1,start,p5,1,257732,261640,3908
gaze_down,no,gaze,expert,261.64,261.997,0.357,f3g1a_p5r1,1,start,p5,1,261640,261997,357
gaze_to_objT,no,gaze,expert,261.997,269.537,7.54,f3g1a_p5r1,1,start,p5,1,261997,269537,7540
gaze_to_gameT,no,gaze,expert,269.537,360.001,90.464,f3g1a_p5r1,1,start,p5,1,269537,360001,90464
mu_head,context_focused_hf,head_face,expert,0,2.681,2.681,f3g1a_p5r1,1,start,p5,1,0,2681,2681
mu_head,context_focused_hf,head_face,expert,3.436,5.232,1.796,f3g1a_p5r1,1,start,p5,1,3436,5232,1796
mu_head,context_focused_hf,head_face,expert,27.198,31.847,4.649,f3g1a_p5r1,1,start,p5,1,27198,31847,4649
mu_head,self_focused_hf,head_face,expert,52.498,52.999,0.501,f3g1a_p5r1,1,start,p5,1,52498,52999,501
mu_head,context_focused_hf,head_face,expert,65.958,68.479,2.521,f3g1a_p5r1,1,start,p5,1,65958,68479,2521
mu_head,context_focused_hf,head_face,expert,68.479,74.793,6.314,f3g1a_p5r1,1,start,p5,1,68479,74793,6314
mu_head,context_focused_hf,head_face,expert,74.793,76.298,1.505,f3g1a_p5r1,1,start,p5,1,74793,76298,1505
mu_head,context_focused_hf,head_face,expert,76.552,77.236,0.684,f3g1a_p5r1,1,start,p5,1,76552,77236,684
mu_head,context_focused_hf,head_face,expert,104.239,111.089,6.85,f3g1a_p5r1,1,start,p5,1,104239,111089,6850
mu_head,context_focused_hf,head_face,expert,111.089,112.39,1.301,f3g1a_p5r1,1,start,p5,1,111089,112390,1301
mu_head,context_focused_hf,head_face,expert,114.198,115.357,1.159,f3g1a_p5r1,1,start,p5,1,114198,115357,1159
mu_head,context_focused_hf,head_face,expert,143.175,148.474,5.299,f3g1a_p5r1,1,start,p5,1,143175,148474,5299
mu_head,context_focused_hf,head_face,expert,148.474,148.953,0.479,f3g1a_p5r1,1,start,p5,1,148474,148953,479
mu_head,context_focused_hf,head_face,expert,148.953,157.914,8.961,f3g1a_p5r1,1,start,p5,1,148953,157914,8961
mu_head,context_focused_hf,head_face,expert,157.914,161.537,3.623,f3g1a_p5r1,1,start,p5,1,157914,161537,3623
mu_head,context_focused_hf,head_face,expert,163.033,169.952,6.919,f3g1a_p5r1,1,start,p5,1,163033,169952,6919
mu_head,context_focused_hf,head_face,expert,178.254,180.457,2.203,f3g1a_p5r1,1,start,p5,1,178254,180457,2203
mu_head,self_focused_hf,head_face,expert,187.15,189.897,2.747,f3g1a_p5r1,1,start,p5,1,187150,189897,2747
mu_head,context_focused_hf,head_face,expert,189.897,191.494,1.597,f3g1a_p5r1,1,start,p5,1,189897,191494,1597
mu_face_head,self_focused_hf,head_face,expert,198.098,200.729,2.631,f3g1a_p5r1,1,start,p5,1,198098,200729,2631
mu_head,self_focused_hf,head_face,expert,200.729,201.231,0.502,f3g1a_p5r1,1,start,p5,1,200729,201231,502
mu_head,context_focused_hf,head_face,expert,206.859,207.431,0.572,f3g1a_p5r1,1,start,p5,1,206859,207431,572
mu_head,self_focused_hf,head_face,expert,210.757,211.636,0.879,f3g1a_p5r1,1,start,p5,1,210757,211636,879
mu_head,context_focused_hf,head_face,expert,236.531,245.296,8.765,f3g1a_p5r1,1,start,p5,1,236531,245296,8765
mu_head,context_focused_hf,head_face,expert,245.296,246.557,1.261,f3g1a_p5r1,1,start,p5,1,245296,246557,1261
mu_head,context_focused_hf,head_face,expert,251.545,257.731,6.186,f3g1a_p5r1,1,start,p5,1,251545,257731,6186
mu_head,context_focused_hf,head_face,expert,257.731,258.818,1.087,f3g1a_p5r1,1,start,p5,1,257731,258818,1087
mu_hand_right,self_focused_ub,upper_body,expert,0,3.378,3.378,f3g1a_p5r1,1,start,p5,1,0,3378,3378
mu_hand_right,self_focused_ub,upper_body,expert,4.06,5.35,1.29,f3g1a_p5r1,1,start,p5,1,4060,5350,1290
mu_hand_right,self_focused_ub,upper_body,expert,14.227,18.431,4.204,f3g1a_p5r1,1,start,p5,1,14227,18431,4204
mu_ub_limb_both,self_focused_ub,upper_body,expert,27.421,30.448,3.027,f3g1a_p5r1,1,start,p5,1,27421,30448,3027
mu_hand_left,self_focused_ub,upper_body,expert,32.482,37.305,4.823,f3g1a_p5r1,1,start,p5,1,32482,37305,4823
mu_hand_left,self_focused_ub,upper_body,expert,65.992,69.298,3.306,f3g1a_p5r1,1,start,p5,1,65992,69298,3306
mu_hands_both,self_focused_ub,upper_body,expert,69.393,69.96,0.567,f3g1a_p5r1,1,start,p5,1,69393,69960,567
mu_hand_left,self_focused_ub,upper_body,expert,114.595,115.235,0.64,f3g1a_p5r1,1,start,p5,1,114595,115235,640
mu_hand_left,self_focused_ub,upper_body,expert,140.565,144.647,4.082,f3g1a_p5r1,1,start,p5,1,140565,144647,4082
mu_hand_left,self_focused_ub,upper_body,expert,148.856,150.182,1.326,f3g1a_p5r1,1,start,p5,1,148856,150182,1326
mu_hand_left,self_focused_ub,upper_body,expert,151.369,159.024,7.655,f3g1a_p5r1,1,start,p5,1,151369,159024,7655
mu_hands_both,self_focused_ub,upper_body,expert,159.024,162.293,3.269,f3g1a_p5r1,1,start,p5,1,159024,162293,3269
mu_ub_all,context_focused_ub,upper_body,expert,162.293,169.548,7.255,f3g1a_p5r1,1,start,p5,1,162293,169548,7255
mu_hand_right,self_focused_ub,upper_body,expert,169.548,172.737,3.189,f3g1a_p5r1,1,start,p5,1,169548,172737,3189
mu_hand_right,self_focused_ub,upper_body,expert,175.392,177.231,1.839,f3g1a_p5r1,1,start,p5,1,175392,177231,1839
mu_ub_limb_right,self_focused_ub,upper_body,expert,179.14,180.382,1.242,f3g1a_p5r1,1,start,p5,1,179140,180382,1242
mu_ub_all,self_focused_ub,upper_body,expert,197.855,200.644,2.789,f3g1a_p5r1,1,start,p5,1,197855,200644,2789
mu_hand_right,self_focused_ub,upper_body,expert,203.904,205.396,1.492,f3g1a_p5r1,1,start,p5,1,203904,205396,1492
mu_hand_left,self_focused_ub,upper_body,expert,215.75,216.307,0.557,f3g1a_p5r1,1,start,p5,1,215750,216307,557
mu_hand_right,self_focused_ub,upper_body,expert,227.182,229.007,1.825,f3g1a_p5r1,1,start,p5,1,227182,229007,1825
mu_hand_right,self_focused_ub,upper_body,expert,233.454,234.666,1.212,f3g1a_p5r1,1,start,p5,1,233454,234666,1212
mu_hand_right,self_focused_ub,upper_body,expert,236.047,237.052,1.005,f3g1a_p5r1,1,start,p5,1,236047,237052,1005
mu_torso_lat,context_focused_ub,upper_body,expert,237.483,238.486,1.003,f3g1a_p5r1,1,start,p5,1,237483,238486,1003
mu_hand_right,self_focused_ub,upper_body,expert,241.011,241.594,0.583,f3g1a_p5r1,1,start,p5,1,241011,241594,583
mu_foot_right,self_focused_lb,lower_body,expert,12.886,17.273,4.387,f3g1a_p5r1,1,start,p5,1,12886,17273,4387
mu_feet_both,self_focused_lb,lower_body,expert,27.325,32.416,5.091,f3g1a_p5r1,1,start,p5,1,27325,32416,5091
mu_foot_right,self_focused_lb,lower_body,expert,53.213,56.097,2.884,f3g1a_p5r1,1,start,p5,1,53213,56097,2884
mu_foot_right,self_focused_lb,lower_body,expert,68.499,70.101,1.602,f3g1a_p5r1,1,start,p5,1,68499,70101,1602
mu_lb_all,context_focused_lb,lower_body,expert,162.716,170.197,7.481,f3g1a_p5r1,1,start,p5,1,162716,170197,7481
mu_lb_all,self_focused_lb,lower_body,expert,197.855,201.015,3.16,f3g1a_p5r1,1,start,p5,1,197855,201015,3160
sit_full,no,location,expert,0,94.498,94.498,f3g1a_p6r1,1,start,p6,1,0,94498,94498
goTo_prep,no,location,expert,94.498,112.418,17.92,f3g1a_p6r1,1,start,p6,1,94498,112418,17920
goTo_gameT,no,location,expert,112.418,116.727,4.309,f3g1a_p6r1,1,start,p6,1,112418,116727,4309
stand_at_gameT,no,location,expert,116.728,178.29,61.562,f3g1a_p6r1,1,start,p6,1,116728,178290,61562
goTo_6,no,location,expert,178.29,181.223,2.933,f3g1a_p6r1,1,start,p6,1,178290,181223,2933
settling,no,location,expert,181.223,184.99,3.767,f3g1a_p6r1,1,start,p6,1,181223,184990,3767
sit_full,no,location,expert,184.99,205.325,20.335,f3g1a_p6r1,1,start,p6,1,184990,205325,20335
goTo_prep,no,location,expert,205.325,207.052,1.727,f3g1a_p6r1,1,start,p6,1,205325,207052,1727
goTo_gameT,no,location,expert,207.052,208.614,1.562,f3g1a_p6r1,1,start,p6,1,207052,208614,1562
stand_at_gameT,no,location,expert,208.614,211.197,2.583,f3g1a_p6r1,1,start,p6,1,208614,211197,2583
goTo_6,no,location,expert,211.197,213.012,1.815,f3g1a_p6r1,1,start,p6,1,211197,213012,1815
settling,no,location,expert,213.012,217.423,4.411,f3g1a_p6r1,1,start,p6,1,213012,217423,4411
sit_full,no,location,expert,217.423,234.277,16.854,f3g1a_p6r1,1,start,p6,1,217423,234277,16854
goTo_prep,no,location,expert,234.277,235.767,1.49,f3g1a_p6r1,1,start,p6,1,234277,235767,1490
goTo_gameT,no,location,expert,235.767,238.001,2.234,f3g1a_p6r1,1,start,p6,1,235767,238001,2234
stand_at_gameT,no,location,expert,238.001,239.918,1.917,f3g1a_p6r1,1,start,p6,1,238001,239918,1917
goTo_6,no,location,expert,239.918,242.187,2.269,f3g1a_p6r1,1,start,p6,1,239918,242187,2269
settling,no,location,expert,242.187,245.532,3.345,f3g1a_p6r1,1,start,p6,1,242187,245532,3345
sit_full,no,location,expert,245.532,260.69,15.158,f3g1a_p6r1,1,start,p6,1,245532,260690,15158
goTo_prep,no,location,expert,260.69,262.297,1.607,f3g1a_p6r1,1,start,p6,1,260690,262297,1607
sit_full,no,location,expert,262.297,262.497,0.2,f3g1a_p6r1,1,start,p6,1,262297,262497,200
goTo_prep,no,location,expert,262.497,263.711,1.214,f3g1a_p6r1,1,start,p6,1,262497,263711,1214
goTo_gameT,no,location,expert,263.715,265.656,1.941,f3g1a_p6r1,1,start,p6,1,263715,265656,1941
stand_at_gameT,no,location,expert,265.657,268.511,2.854,f3g1a_p6r1,1,start,p6,1,265657,268511,2854
goTo_6,no,location,expert,268.511,270.509,1.998,f3g1a_p6r1,1,start,p6,1,268511,270509,1998
settling,no,location,expert,270.509,274.979,4.47,f3g1a_p6r1,1,start,p6,1,270509,274979,4470
sit_full,no,location,expert,274.979,286.378,11.399,f3g1a_p6r1,1,start,p6,1,274979,286378,11399
goTo_prep,no,location,expert,286.378,288.593,2.215,f3g1a_p6r1,1,start,p6,1,286378,288593,2215
goTo_gameT,no,location,expert,288.593,291.899,3.306,f3g1a_p6r1,1,start,p6,1,288593,291899,3306
stand_at_gameT,no,location,expert,291.899,296.715,4.816,f3g1a_p6r1,1,start,p6,1,291899,296715,4816
goTo_6,no,location,expert,296.715,298.878,2.163,f3g1a_p6r1,1,start,p6,1,296715,298878,2163
settling,no,location,expert,298.878,304.152,5.274,f3g1a_p6r1,1,start,p6,1,298878,304152,5274
sit_part,no,location,expert,304.152,322.786,18.634,f3g1a_p6r1,1,start,p6,1,304152,322786,18634
goTo_prep,no,location,expert,322.786,325.126,2.34,f3g1a_p6r1,1,start,p6,1,322786,325126,2340
goTo_gameT,no,location,expert,325.126,327.108,1.982,f3g1a_p6r1,1,start,p6,1,325126,327108,1982
stand_at_gameT,no,location,expert,327.108,328.663,1.555,f3g1a_p6r1,1,start,p6,1,327108,328663,1555
goTo_6,no,location,expert,328.663,330.888,2.225,f3g1a_p6r1,1,start,p6,1,328663,330888,2225
settling,no,location,expert,330.888,335.659,4.771,f3g1a_p6r1,1,start,p6,1,330888,335659,4771
sit_part,no,location,expert,335.659,352.078,16.419,f3g1a_p6r1,1,start,p6,1,335659,352078,16419
goTo_prep,no,location,expert,352.078,353.718,1.64,f3g1a_p6r1,1,start,p6,1,352078,353718,1640
goTo_gameT,no,location,expert,353.718,355.235,1.517,f3g1a_p6r1,1,start,p6,1,353718,355235,1517
stand_at_gameT,no,location,expert,355.235,357.688,2.453,f3g1a_p6r1,1,start,p6,1,355235,357688,2453
goTo_6,no,location,expert,357.688,360.043,2.355,f3g1a_p6r1,1,start,p6,1,357688,360043,2355
game_action,no,game_action,expert,94.498,184.9,90.402,f3g1a_p6r1,1,start,p6,1,94498,184900,90402
game_action,no,game_action,expert,205.325,217.459,12.134,f3g1a_p6r1,1,start,p6,1,205325,217459,12134
game_action,no,game_action,expert,234.277,245.558,11.281,f3g1a_p6r1,1,start,p6,1,234277,245558,11281
game_action,no,game_action,expert,260.69,274.999,14.309,f3g1a_p6r1,1,start,p6,1,260690,274999,14309
game_action,no,game_action,expert,286.378,304.153,17.775,f3g1a_p6r1,1,start,p6,1,286378,304153,17775
game_action,no,game_action,expert,322.786,335.672,12.886,f3g1a_p6r1,1,start,p6,1,322786,335672,12886
game_action,no,game_action,expert,352.104,360.05,7.946,f3g1a_p6r1,1,start,p6,1,352104,360050,7946
gaze_to_gameT,no,gaze,expert,0,2.798,2.798,f3g1a_p6r1,1,start,p6,1,0,2798,2798
gaze_down,no,gaze,expert,2.798,6.234,3.436,f3g1a_p6r1,1,start,p6,1,2798,6234,3436
gaze_to_gameT,no,gaze,expert,6.234,47.587,41.353,f3g1a_p6r1,1,start,p6,1,6234,47587,41353
gaze_to_p3,no,gaze,expert,47.587,48.532,0.945,f3g1a_p6r1,1,start,p6,1,47587,48532,945
gaze_to_gameT,no,gaze,expert,48.532,49.804,1.272,f3g1a_p6r1,1,start,p6,1,48532,49804,1272
gaze_to_p3,no,gaze,expert,49.804,50.453,0.649,f3g1a_p6r1,1,start,p6,1,49804,50453,649
gaze_to_gameT,no,gaze,expert,50.453,53.714,3.261,f3g1a_p6r1,1,start,p6,1,50453,53714,3261
gaze_down,no,gaze,expert,53.714,54.23,0.516,f3g1a_p6r1,1,start,p6,1,53714,54230,516
gaze_to_gameT,no,gaze,expert,54.23,63.591,9.361,f3g1a_p6r1,1,start,p6,1,54230,63591,9361
gaze_to_p5,no,gaze,expert,63.591,65.071,1.48,f3g1a_p6r1,1,start,p6,1,63591,65071,1480
gaze_to_gameT,no,gaze,expert,65.071,69.044,3.973,f3g1a_p6r1,1,start,p6,1,65071,69044,3973
gaze_to_p4,no,gaze,expert,69.044,70.491,1.447,f3g1a_p6r1,1,start,p6,1,69044,70491,1447
gaze_to_objT,no,gaze,expert,70.491,70.83,0.339,f3g1a_p6r1,1,start,p6,1,70491,70830,339
gaze_to_p4,no,gaze,expert,70.83,95.365,24.535,f3g1a_p6r1,1,start,p6,1,70830,95365,24535
gaze_free,no,gaze,expert,95.365,97.253,1.888,f3g1a_p6r1,1,start,p6,1,95365,97253,1888
gaze_to_gameT,no,gaze,expert,97.253,100.168,2.915,f3g1a_p6r1,1,start,p6,1,97253,100168,2915
gaze_to_object_other,no,gaze,expert,100.168,106.136,5.968,f3g1a_p6r1,1,start,p6,1,100168,106136,5968
gaze_to_p4,no,gaze,expert,106.136,106.696,0.56,f3g1a_p6r1,1,start,p6,1,106136,106696,560
gaze_to_object_other,no,gaze,expert,106.696,112.565,5.869,f3g1a_p6r1,1,start,p6,1,106696,112565,5869
gaze_to_gameT,no,gaze,expert,112.565,113.471,0.906,f3g1a_p6r1,1,start,p6,1,112565,113471,906
gaze_to_object_other,no,gaze,expert,113.471,179.993,66.522,f3g1a_p6r1,1,start,p6,1,113471,179993,66522
gaze_to_home,no,gaze,expert,179.993,181.431,1.438,f3g1a_p6r1,1,start,p6,1,179993,181431,1438
gaze_to_gameT,no,gaze,expert,181.431,212.967,31.536,f3g1a_p6r1,1,start,p6,1,181431,212967,31536
gaze_to_home,no,gaze,expert,212.967,213.695,0.728,f3g1a_p6r1,1,start,p6,1,212967,213695,728
gaze_to_gameT,no,gaze,expert,213.695,240.55,26.855,f3g1a_p6r1,1,start,p6,1,213695,240550,26855
gaze_to_home,no,gaze,expert,240.55,242.174,1.624,f3g1a_p6r1,1,start,p6,1,240550,242174,1624
gaze_free,no,gaze,expert,242.174,243.449,1.275,f3g1a_p6r1,1,start,p6,1,242174,243449,1275
gaze_to_gameT,no,gaze,expert,243.449,269.129,25.68,f3g1a_p6r1,1,start,p6,1,243449,269129,25680
gaze_down,no,gaze,expert,269.129,270.446,1.317,f3g1a_p6r1,1,start,p6,1,269129,270446,1317
gaze_to_p5,no,gaze,expert,270.446,271.408,0.962,f3g1a_p6r1,1,start,p6,1,270446,271408,962
gaze_to_gameT,no,gaze,expert,271.408,297.436,26.028,f3g1a_p6r1,1,start,p6,1,271408,297436,26028
gaze_down,no,gaze,expert,297.436,297.794,0.358,f3g1a_p6r1,1,start,p6,1,297436,297794,358
gaze_to_home,no,gaze,expert,297.794,298.964,1.17,f3g1a_p6r1,1,start,p6,1,297794,298964,1170
gaze_to_gameT,no,gaze,expert,298.964,306.473,7.509,f3g1a_p6r1,1,start,p6,1,298964,306473,7509
gaze_to_p5,no,gaze,expert,306.473,307.373,0.9,f3g1a_p6r1,1,start,p6,1,306473,307373,900
gaze_to_gameT,no,gaze,expert,307.373,329.628,22.255,f3g1a_p6r1,1,start,p6,1,307373,329628,22255
gaze_down,no,gaze,expert,329.628,329.909,0.281,f3g1a_p6r1,1,start,p6,1,329628,329909,281
gaze_to_home,no,gaze,expert,329.909,330.979,1.07,f3g1a_p6r1,1,start,p6,1,329909,330979,1070
gaze_free,no,gaze,expert,330.979,331.711,0.732,f3g1a_p6r1,1,start,p6,1,330979,331711,732
gaze_to_gameT,no,gaze,expert,331.711,350.632,18.921,f3g1a_p6r1,1,start,p6,1,331711,350632,18921
gaze_to_p2,no,gaze,expert,350.632,352.204,1.572,f3g1a_p6r1,1,start,p6,1,350632,352204,1572
gaze_to_gameT,no,gaze,expert,352.204,359.228,7.024,f3g1a_p6r1,1,start,p6,1,352204,359228,7024
gaze_to_home,no,gaze,expert,359.228,360.014,0.786,f3g1a_p6r1,1,start,p6,1,359228,360014,786
mu_mouth,self_focused_hf,head_face,expert,0,1.819,1.819,f3g1a_p6r1,1,start,p6,1,0,1819,1819
mu_head,self_focused_hf,head_face,expert,2.675,7.739,5.064,f3g1a_p6r1,1,start,p6,1,2675,7739,7739
mu_mouth,self_focused_hf,head_face,expert,7.739,9.898,2.159,f3g1a_p6r1,1,start,p6,1,7739,9898,2159
mu_face,self_focused_hf,head_face,expert,14.834,17.877,3.043,f3g1a_p6r1,1,start,p6,1,14834,17877,3043
mu_mouth,self_focused_hf,head_face,expert,18.296,18.997,0.701,f3g1a_p6r1,1,start,p6,1,18296,18997,701
mu_mouth,self_focused_hf,head_face,expert,18.997,19.541,0.544,f3g1a_p6r1,1,start,p6,1,18997,19541,544
mu_mouth,self_focused_hf,head_face,expert,22.48,25.015,2.535,f3g1a_p6r1,1,start,p6,1,22480,25015,2535
mu_head,self_focused_hf,head_face,expert,29.635,32.458,2.823,f3g1a_p6r1,1,start,p6,1,29635,32458,2823
mu_mouth,self_focused_hf,head_face,expert,48.5,49.095,0.595,f3g1a_p6r1,1,start,p6,1,48500,49095,595
mu_head,self_focused_hf,head_face,expert,63.517,66.88,3.363,f3g1a_p6r1,1,start,p6,1,63517,66880,3363
mu_mouth,self_focused_hf,head_face,expert,66.88,67.621,0.741,f3g1a_p6r1,1,start,p6,1,66880,67621,741
mu_head,context_focused_hf,head_face,expert,68.951,70.892,1.941,f3g1a_p6r1,1,start,p6,1,68951,70892,1941
mu_head,context_focused_hf,head_face,expert,74.44,75.46,1.02,f3g1a_p6r1,1,start,p6,1,74440,75460,1020
mu_head,context_focused_hf,head_face,expert,75.88,78.22,2.34,f3g1a_p6r1,1,start,p6,1,75880,78220,2340
mu_mouth_head,self_focused_hf,head_face,expert,80.851,83.447,2.596,f3g1a_p6r1,1,start,p6,1,80851,83447,2596
mu_head,context_focused_hf,head_face,expert,350.697,351.151,0.454,f3g1a_p6r1,1,start,p6,1,350697,351151,454
mu_hand_right,self_focused_ub,upper_body,expert,13.527,13.867,0.34,f3g1a_p6r1,1,start,p6,1,13527,13867,340
mu_ub_limb_both,self_focused_ub,upper_body,expert,13.891,14.952,1.061,f3g1a_p6r1,1,start,p6,1,13891,14952,1061
mu_hand_right,self_focused_ub,upper_body,expert,14.952,17.078,2.126,f3g1a_p6r1,1,start,p6,1,14952,17078,2126
mu_hand_right,self_focused_ub,upper_body,expert,17.078,19.509,2.431,f3g1a_p6r1,1,start,p6,1,17078,19509,2431
mu_hand_right,self_focused_ub,upper_body,expert,19.509,21.121,1.612,f3g1a_p6r1,1,start,p6,1,19509,21121,1612
mu_hand_right,self_focused_ub,upper_body,expert,24.285,25.928,1.643,f3g1a_p6r1,1,start,p6,1,24285,25928,1643
mu_hand_left,self_focused_ub,upper_body,expert,25.928,27.172,1.244,f3g1a_p6r1,1,start,p6,1,25928,27172,1244
mu_hand_right,context_focused_ub,upper_body,expert,27.172,28.113,0.941,f3g1a_p6r1,1,start,p6,1,27172,28113,941
mu_hand_left,self_focused_ub,upper_body,expert,28.113,31.033,2.92,f3g1a_p6r1,1,start,p6,1,28113,31033,2920
mu_hand_right,self_focused_ub,upper_body,expert,31.033,32.541,1.508,f3g1a_p6r1,1,start,p6,1,31033,32541,1508
mu_ub_all,self_focused_ub,upper_body,expert,63.189,67.832,4.643,f3g1a_p6r1,1,start,p6,1,63189,67832,4643
mu_hand_left,self_focused_ub,upper_body,expert,190.477,191.257,0.78,f3g1a_p6r1,1,start,p6,1,190477,191257,780
mu_hand_left,self_focused_ub,upper_body,expert,191.433,192.115,0.682,f3g1a_p6r1,1,start,p6,1,191433,192115,682
mu_hand_left,self_focused_ub,upper_body,expert,192.271,192.911,0.64,f3g1a_p6r1,1,start,p6,1,192271,192911,640
mu_hand_left,self_focused_ub,upper_body,expert,195.419,196.256,0.837,f3g1a_p6r1,1,start,p6,1,195419,196256,837
mu_hand_left,self_focused_ub,upper_body,expert,197.679,198.967,1.288,f3g1a_p6r1,1,start,p6,1,197679,198967,1288
mu_hand_left,self_focused_ub,upper_body,expert,199.656,202.977,3.321,f3g1a_p6r1,1,start,p6,1,199656,202977,3321
mu_torso_back,self_focused_ub,upper_body,expert,202.997,204.719,1.722,f3g1a_p6r1,1,start,p6,1,202997,204719,1722
mu_torso_back,self_focused_ub,upper_body,expert,204.878,205.336,0.458,f3g1a_p6r1,1,start,p6,1,204878,205336,458
mu_hand_left,self_focused_ub,upper_body,expert,219.621,221.398,1.777,f3g1a_p6r1,1,start,p6,1,219621,221398,1777
mu_hand_left,self_focused_ub,upper_body,expert,221.63,222.291,0.661,f3g1a_p6r1,1,start,p6,1,221630,222291,661
mu_hand_left,self_focused_ub,upper_body,expert,223.866,224.351,0.485,f3g1a_p6r1,1,start,p6,1,223866,224351,485
mu_hand_left,self_focused_ub,upper_body,expert,224.913,225.877,0.964,f3g1a_p6r1,1,start,p6,1,224913,225877,964
mu_hand_left,self_focused_ub,upper_body,expert,228.267,228.821,0.554,f3g1a_p6r1,1,start,p6,1,228267,228821,554
mu_torso_fwrd,self_focused_ub,upper_body,expert,318.53,322.794,4.264,f3g1a_p6r1,1,start,p6,1,318530,322794,4264
mu_foot_left,self_focused_lb,lower_body,expert,7.632,8.776,1.144,f3g1a_p6r1,1,start,p6,1,7632,8776,1144
mu_foot_left,self_focused_lb,lower_body,expert,15.128,17.555,2.427,f3g1a_p6r1,1,start,p6,1,15128,17555,2427
mu_leg_left,self_focused_lb,lower_body,expert,18.308,18.658,0.35,f3g1a_p6r1,1,start,p6,1,18308,18658,350
mu_foot_left,self_focused_lb,lower_body,expert,66.439,67.065,0.626,f3g1a_p6r1,1,start,p6,1,66439,67065,626
mu_foot_left,self_focused_lb,lower_body,expert,190.2,191.108,0.908,f3g1a_p6r1,1,start,p6,1,190200,191108,908
mu_foot_left,self_focused_lb,lower_body,expert,231.106,231.578,0.472,f3g1a_p6r1,1,start,p6,1,231106,231578,472
